User Name,First Name,Display Name
"1014905@aspc1602.onmicrosoft.com","Squadron Sinister","Squadron Sinister"
"1010814@aspc1602.onmicrosoft.com","Squadron Supreme (Earth-712)","Squadron Supreme (Earth-712)"
"1010860@aspc1602.onmicrosoft.com","Squirrel Girl","Squirrel Girl"
"1009618@aspc1602.onmicrosoft.com","Stacy X","Stacy X"
"1015003@aspc1602.onmicrosoft.com","Stacy X (Ultimate)","Stacy X (Ultimate)"
"1011307@aspc1602.onmicrosoft.com","Star Brand","Star Brand"
"1010733@aspc1602.onmicrosoft.com","Star-Lord (Peter Quill)","Star-Lord (Peter Quill)"
"1009621@aspc1602.onmicrosoft.com","Starbolt","Starbolt"
"1010764@aspc1602.onmicrosoft.com","Stardust","Stardust"
"1011084@aspc1602.onmicrosoft.com","Starfox","Starfox"
"1011341@aspc1602.onmicrosoft.com","Starhawk (Stakar Ogord)","Starhawk (Stakar Ogord)"
"1011078@aspc1602.onmicrosoft.com","Starjammers","Starjammers"
"1009622@aspc1602.onmicrosoft.com","Stark Industries","Stark Industries"
"1010828@aspc1602.onmicrosoft.com","Stature","Stature"
"1010889@aspc1602.onmicrosoft.com","Steel Serpent (Davos)","Steel Serpent (Davos)"
"1011159@aspc1602.onmicrosoft.com","Stellaris","Stellaris"
"1009625@aspc1602.onmicrosoft.com","Stepford Cuckoos","Stepford Cuckoos"
"1009615@aspc1602.onmicrosoft.com","Stephanie de la Spiroza","Stephanie de la Spiroza"
"1010901@aspc1602.onmicrosoft.com","Stephen Strange","Stephen Strange"
"1010326@aspc1602.onmicrosoft.com","Steve Rogers","Steve Rogers"
"1009626@aspc1602.onmicrosoft.com","Stick","Stick"
"1009627@aspc1602.onmicrosoft.com","Stilt-Man (Wibur Day)","Stilt-Man (Wibur Day)"
"1009628@aspc1602.onmicrosoft.com","Stingray (Walter Newell)","Stingray (Walter Newell)"
"1010327@aspc1602.onmicrosoft.com","Stone Men","Stone Men"
"1009629@aspc1602.onmicrosoft.com","Storm","Storm"
"1010979@aspc1602.onmicrosoft.com","Storm (Age of Apocalypse)","Storm (Age of Apocalypse)"
"1017309@aspc1602.onmicrosoft.com","Storm (Marvel Heroes)","Storm (Marvel Heroes)"
"1010978@aspc1602.onmicrosoft.com","Storm (Ultimate)","Storm (Ultimate)"
"1011062@aspc1602.onmicrosoft.com","Stranger","Stranger"
"1011051@aspc1602.onmicrosoft.com","Strong Guy","Strong Guy"
"1009632@aspc1602.onmicrosoft.com","Stryfe","Stryfe"
"1011225@aspc1602.onmicrosoft.com","Stryfe (Ultimate)","Stryfe (Ultimate)"
"1010791@aspc1602.onmicrosoft.com","Sub-Mariner","Sub-Mariner"
"1009631@aspc1602.onmicrosoft.com","Sue Storm","Sue Storm"
"1011212@aspc1602.onmicrosoft.com","Sugar Man","Sugar Man"
"1009635@aspc1602.onmicrosoft.com","Sumo","Sumo"
"1009636@aspc1602.onmicrosoft.com","Sunfire","Sunfire"
"1010981@aspc1602.onmicrosoft.com","Sunfire (Age of Apocalypse)","Sunfire (Age of Apocalypse)"
"1009637@aspc1602.onmicrosoft.com","Sunset Bain","Sunset Bain"
"1009638@aspc1602.onmicrosoft.com","Sunspot","Sunspot"
"1015280@aspc1602.onmicrosoft.com","Super Hero Squad","Super Hero Squad"
"1011022@aspc1602.onmicrosoft.com","Super-Adaptoid","Super-Adaptoid"
"1009639@aspc1602.onmicrosoft.com","Super-Skrull","Super-Skrull"
"1011232@aspc1602.onmicrosoft.com","Supernaut","Supernaut"
"1011160@aspc1602.onmicrosoft.com","Supreme Intelligence","Supreme Intelligence"
"1010695@aspc1602.onmicrosoft.com","Surge","Surge"
"1011172@aspc1602.onmicrosoft.com","Susan Delgado","Susan Delgado"
"1011075@aspc1602.onmicrosoft.com","Swarm","Swarm"
"1011017@aspc1602.onmicrosoft.com","Sway","Sway"
"1009640@aspc1602.onmicrosoft.com","Switch","Switch"
"1009641@aspc1602.onmicrosoft.com","Swordsman","Swordsman"
"1010982@aspc1602.onmicrosoft.com","Swordsman (Jaques Duquesne)","Swordsman (Jaques Duquesne)"
"1009642@aspc1602.onmicrosoft.com","Sym","Sym"
"1009643@aspc1602.onmicrosoft.com","Synch","Synch"
"1009644@aspc1602.onmicrosoft.com","T'Challa","T'Challa"
"1011042@aspc1602.onmicrosoft.com","Tag","Tag"
"1009646@aspc1602.onmicrosoft.com","Talisman (Elizabeth Twoyoungmen)","Talisman (Elizabeth Twoyoungmen)"
"1010753@aspc1602.onmicrosoft.com","Talkback (Chase Stein)","Talkback (Chase Stein)"
"1011395@aspc1602.onmicrosoft.com","Talon (Fraternity of Raptors)","Talon (Fraternity of Raptors)"
"1011161@aspc1602.onmicrosoft.com","Talos","Talos"
"1011149@aspc1602.onmicrosoft.com","Tana Nile","Tana Nile"
"1010713@aspc1602.onmicrosoft.com","Tarantula (Luis Alvarez)","Tarantula (Luis Alvarez)"
"1009647@aspc1602.onmicrosoft.com","Tarot","Tarot"
"1009648@aspc1602.onmicrosoft.com","Taskmaster","Taskmaster"
"1011115@aspc1602.onmicrosoft.com","Tattoo","Tattoo"
"1011000@aspc1602.onmicrosoft.com","Ted Forrester","Ted Forrester"
"1009650@aspc1602.onmicrosoft.com","Tempest","Tempest"
"1011162@aspc1602.onmicrosoft.com","Tenebrous","Tenebrous"
"1009651@aspc1602.onmicrosoft.com","Terrax","Terrax"
"1011034@aspc1602.onmicrosoft.com","Terror","Terror"
"1010819@aspc1602.onmicrosoft.com","Texas Twister","Texas Twister"
"1011003@aspc1602.onmicrosoft.com","Thaddeus Ross","Thaddeus Ross"
"1009652@aspc1602.onmicrosoft.com","Thanos","Thanos"
"1015004@aspc1602.onmicrosoft.com","Thanos (Ultimate)","Thanos (Ultimate)"
"1011083@aspc1602.onmicrosoft.com","The 198","The 198"
"1009653@aspc1602.onmicrosoft.com","The Anarchist","The Anarchist"
"1009654@aspc1602.onmicrosoft.com","The Call","The Call"
"1010714@aspc1602.onmicrosoft.com","The Captain","The Captain"
"1011294@aspc1602.onmicrosoft.com","The Enforcers","The Enforcers"
"1010728@aspc1602.onmicrosoft.com","The Executioner","The Executioner"
"1009655@aspc1602.onmicrosoft.com","The Fallen","The Fallen"
"1011219@aspc1602.onmicrosoft.com","The Fury","The Fury"
"1010359@aspc1602.onmicrosoft.com","The Hand","The Hand"
"1010715@aspc1602.onmicrosoft.com","The Hood","The Hood"
"1011295@aspc1602.onmicrosoft.com","The Howling Commandos","The Howling Commandos"
"1014986@aspc1602.onmicrosoft.com","The Hunter","The Hunter"
"1010998@aspc1602.onmicrosoft.com","The Initiative","The Initiative"
"1017103@aspc1602.onmicrosoft.com","The Leader (HAS)","The Leader (HAS)"
"1011216@aspc1602.onmicrosoft.com","The Liberteens","The Liberteens"
"1011215@aspc1602.onmicrosoft.com","The Liberty Legion","The Liberty Legion"
"1011018@aspc1602.onmicrosoft.com","The Order","The Order"
"1009656@aspc1602.onmicrosoft.com","The Phantom","The Phantom"
"1009657@aspc1602.onmicrosoft.com","The Professor","The Professor"
"1011211@aspc1602.onmicrosoft.com","The Renegades","The Renegades"
"1011110@aspc1602.onmicrosoft.com","The Santerians","The Santerians"
"1009658@aspc1602.onmicrosoft.com","The Shiver Man","The Shiver Man"
"1009659@aspc1602.onmicrosoft.com","The Spike","The Spike"
"1009660@aspc1602.onmicrosoft.com","The Stranger","The Stranger"
"1011112@aspc1602.onmicrosoft.com","The Twelve","The Twelve"
"1009661@aspc1602.onmicrosoft.com","The Watchers","The Watchers"
"1011267@aspc1602.onmicrosoft.com","Wallop","Wallop"
"1009700@aspc1602.onmicrosoft.com","Wallow","Wallow"
"1009701@aspc1602.onmicrosoft.com","War (Abraham Kieros)","War (Abraham Kieros)"
"1017322@aspc1602.onmicrosoft.com","War Machine (Iron Man 3 - The Official Game)","War Machine (Iron Man 3 - The Official Game)"
"1017304@aspc1602.onmicrosoft.com","War Machine (Marvel: Avengers Alliance)","War Machine (Marvel: Avengers Alliance)"
"1010991@aspc1602.onmicrosoft.com","War Machine (Parnell Jacobs)","War Machine (Parnell Jacobs)"
"1011226@aspc1602.onmicrosoft.com","War Machine (Ultimate)","War Machine (Ultimate)"
"1009703@aspc1602.onmicrosoft.com","Warbird","Warbird"
"1011121@aspc1602.onmicrosoft.com","Warbound","Warbound"
"1010372@aspc1602.onmicrosoft.com","Warhawk (Mitchell Tanner)","Warhawk (Mitchell Tanner)"
"1009704@aspc1602.onmicrosoft.com","Warlock (Janie Chin)","Warlock (Janie Chin)"
"1011287@aspc1602.onmicrosoft.com","Warlock (Technarchy)","Warlock (Technarchy)"
"1009705@aspc1602.onmicrosoft.com","Warpath","Warpath"
"1010668@aspc1602.onmicrosoft.com","Warren Worthington III","Warren Worthington III"
"1009706@aspc1602.onmicrosoft.com","Warstar","Warstar"
"1009707@aspc1602.onmicrosoft.com","Wasp","Wasp"
"1010992@aspc1602.onmicrosoft.com","Wasp (Ultimate)","Wasp (Ultimate)"
"1011133@aspc1602.onmicrosoft.com","Weapon Omega","Weapon Omega"
"1009709@aspc1602.onmicrosoft.com","Weapon X","Weapon X"
"1011402@aspc1602.onmicrosoft.com","Wendell Rand","Wendell Rand"
"1010742@aspc1602.onmicrosoft.com","Wendell Vaughn","Wendell Vaughn"
"1009710@aspc1602.onmicrosoft.com","Wendigo","Wendigo"
"1010765@aspc1602.onmicrosoft.com","Werewolf By Night","Werewolf By Night"
"1009711@aspc1602.onmicrosoft.com","Whiplash (Mark Scarlotti)","Whiplash (Mark Scarlotti)"
"1010348@aspc1602.onmicrosoft.com","Whirlwind","Whirlwind"
"1010342@aspc1602.onmicrosoft.com","Whistler","Whistler"
"1009712@aspc1602.onmicrosoft.com","White Queen (Adrienne Frost)","White Queen (Adrienne Frost)"
"1010853@aspc1602.onmicrosoft.com","White Tiger (Angela Del Toro)","White Tiger (Angela Del Toro)"
"1016838@aspc1602.onmicrosoft.com","White Tiger (USM)","White Tiger (USM)"
"1011425@aspc1602.onmicrosoft.com","Whizzer (Stanley Stewart)","Whizzer (Stanley Stewart)"
"1009714@aspc1602.onmicrosoft.com","Wiccan","Wiccan"
"1009715@aspc1602.onmicrosoft.com","Wild Child","Wild Child"
"1010994@aspc1602.onmicrosoft.com","Wild Child (Age of Apocalypse)","Wild Child (Age of Apocalypse)"
"1011067@aspc1602.onmicrosoft.com","Wild Pack","Wild Pack"
"1009716@aspc1602.onmicrosoft.com","Wildside","Wildside"
"1009633@aspc1602.onmicrosoft.com","William Stryker","William Stryker"
"1010680@aspc1602.onmicrosoft.com","Wilson Fisk","Wilson Fisk"
"1011009@aspc1602.onmicrosoft.com","Wind Dancer","Wind Dancer"
"1010740@aspc1602.onmicrosoft.com","Winter Soldier","Winter Soldier"
"1011043@aspc1602.onmicrosoft.com","Wither","Wither"
"1011290@aspc1602.onmicrosoft.com","Wolf Cub","Wolf Cub"
"1011281@aspc1602.onmicrosoft.com","Wolfpack","Wolfpack"
"1009717@aspc1602.onmicrosoft.com","Wolfsbane","Wolfsbane"
"1010995@aspc1602.onmicrosoft.com","Wolfsbane (Age of Apocalypse)","Wolfsbane (Age of Apocalypse)"
"1010729@aspc1602.onmicrosoft.com","Wolver-dok","Wolver-dok"
"1009718@aspc1602.onmicrosoft.com","Wolverine","Wolverine"
"1017297@aspc1602.onmicrosoft.com","Wolverine (LEGO Marvel Super Heroes)","Wolverine (LEGO Marvel Super Heroes)"
"1017325@aspc1602.onmicrosoft.com","Wolverine (Marvel War of Heroes)","Wolverine (Marvel War of Heroes)"
"1011006@aspc1602.onmicrosoft.com","Wolverine (Ultimate)","Wolverine (Ultimate)"
"1017479@aspc1602.onmicrosoft.com","Wolverine (X-Men: Battle of the Atom)","Wolverine (X-Men: Battle of the Atom)"
"1009719@aspc1602.onmicrosoft.com","Wonder Man","Wonder Man"
"1009720@aspc1602.onmicrosoft.com","Wong","Wong"
"1015005@aspc1602.onmicrosoft.com","Wong (Ultimate)","Wong (Ultimate)"
"1010737@aspc1602.onmicrosoft.com","Wraith","Wraith"
"1010884@aspc1602.onmicrosoft.com","Wrecker","Wrecker"
"1010883@aspc1602.onmicrosoft.com","Wrecking Crew","Wrecking Crew"
"1009722@aspc1602.onmicrosoft.com","X-23","X-23"
"1010804@aspc1602.onmicrosoft.com","X-51","X-51"
"1011418@aspc1602.onmicrosoft.com","X-Babies","X-Babies"
"1009723@aspc1602.onmicrosoft.com","X-Cutioner","X-Cutioner"
"1010738@aspc1602.onmicrosoft.com","X-Factor","X-Factor"
"1010739@aspc1602.onmicrosoft.com","X-Factor Investigations","X-Factor Investigations"
"1009724@aspc1602.onmicrosoft.com","X-Force","X-Force"
"1009725@aspc1602.onmicrosoft.com","X-Man","X-Man"
"1009726@aspc1602.onmicrosoft.com","X-Men","X-Men"
"1011109@aspc1602.onmicrosoft.com","X-Men (Ultimate)","X-Men (Ultimate)"
"1010875@aspc1602.onmicrosoft.com","X-Ray (James Darnell)","X-Ray (James Darnell)"
"1010806@aspc1602.onmicrosoft.com","X-Statix","X-Statix"
"1009732@aspc1602.onmicrosoft.com","X.S.E.","X.S.E."
"1011094@aspc1602.onmicrosoft.com","Xavin","Xavin"
"1009734@aspc1602.onmicrosoft.com","Xorn (Kuan-Yin Xorn)","Xorn (Kuan-Yin Xorn)"
"1009736@aspc1602.onmicrosoft.com","Yellow Claw","Yellow Claw"
"1010996@aspc1602.onmicrosoft.com","Yellowjacket (Rita DeMara)","Yellowjacket (Rita DeMara)"
"1010698@aspc1602.onmicrosoft.com","Young Avengers","Young Avengers"
"1011277@aspc1602.onmicrosoft.com","Young X-Men","Young X-Men"
"1009738@aspc1602.onmicrosoft.com","Zaladane","Zaladane"
"1010841@aspc1602.onmicrosoft.com","Zaran","Zaran"
"1010716@aspc1602.onmicrosoft.com","Zarda","Zarda"
"1011163@aspc1602.onmicrosoft.com","Zarek","Zarek"
"1009739@aspc1602.onmicrosoft.com","Zeigeist","Zeigeist"
"1010780@aspc1602.onmicrosoft.com","Zemo","Zemo"
"1011127@aspc1602.onmicrosoft.com","Zodiak","Zodiak"
"1009741@aspc1602.onmicrosoft.com","Zombie (Simon Garth)","Zombie (Simon Garth)"
"1011183@aspc1602.onmicrosoft.com","Zuras","Zuras"
"1009742@aspc1602.onmicrosoft.com","Zzzax","Zzzax"
"1009475@aspc1602.onmicrosoft.com","Nomad","Nomad"
"1011427@aspc1602.onmicrosoft.com","Nomad (Rikki Barnes)","Nomad (Rikki Barnes)"
"1010955@aspc1602.onmicrosoft.com","Nomad (Steve Rogers)","Nomad (Steve Rogers)"
"1009325@aspc1602.onmicrosoft.com","Norman Osborn","Norman Osborn"
"1010063@aspc1602.onmicrosoft.com","Norrin Radd","Norrin Radd"
"1009476@aspc1602.onmicrosoft.com","Northstar","Northstar"
"1009477@aspc1602.onmicrosoft.com","Nova","Nova"
"1010956@aspc1602.onmicrosoft.com","Nova (Frankie Raye)","Nova (Frankie Raye)"
"1017078@aspc1602.onmicrosoft.com","Nova (Sam Alexander)","Nova (Sam Alexander)"
"1016837@aspc1602.onmicrosoft.com","Nova (USM)","Nova (USM)"
"1010707@aspc1602.onmicrosoft.com","Nuke","Nuke"
"1009620@aspc1602.onmicrosoft.com","Obadiah Stane","Obadiah Stane"
"1009480@aspc1602.onmicrosoft.com","Odin","Odin"
"1009481@aspc1602.onmicrosoft.com","Ogun","Ogun"
"1010882@aspc1602.onmicrosoft.com","Old Lace","Old Lace"
"1010757@aspc1602.onmicrosoft.com","Omega Flight","Omega Flight"
"1009482@aspc1602.onmicrosoft.com","Omega Red","Omega Red"
"1011329@aspc1602.onmicrosoft.com","Omega Sentinel","Omega Sentinel"
"1011123@aspc1602.onmicrosoft.com","Omega the Unknown","Omega the Unknown"
"1009483@aspc1602.onmicrosoft.com","Onslaught","Onslaught"
"1011255@aspc1602.onmicrosoft.com","Onslaught (Ultimate)","Onslaught (Ultimate)"
"1009484@aspc1602.onmicrosoft.com","Oracle","Oracle"
"1011202@aspc1602.onmicrosoft.com","Ord","Ord"
"1009485@aspc1602.onmicrosoft.com","Orphan","Orphan"
"1010957@aspc1602.onmicrosoft.com","Orphan-Maker","Orphan-Maker"
"1009479@aspc1602.onmicrosoft.com","Otto Octavius","Otto Octavius"
"1011228@aspc1602.onmicrosoft.com","Outlaw Kid","Outlaw Kid"
"1010332@aspc1602.onmicrosoft.com","Overlord","Overlord"
"1011028@aspc1602.onmicrosoft.com","Owl","Owl"
"1009488@aspc1602.onmicrosoft.com","Ozymandias","Ozymandias"
"1011150@aspc1602.onmicrosoft.com","Paibok","Paibok"
"1010873@aspc1602.onmicrosoft.com","Paladin","Paladin"
"1010708@aspc1602.onmicrosoft.com","Pandemic","Pandemic"
"1011321@aspc1602.onmicrosoft.com","Paper Doll","Paper Doll"
"1010357@aspc1602.onmicrosoft.com","Patch","Patch"
"1009492@aspc1602.onmicrosoft.com","Patriot","Patriot"
"1011351@aspc1602.onmicrosoft.com","Payback","Payback"
"1009493@aspc1602.onmicrosoft.com","Penance (Robert Baldwin)","Penance (Robert Baldwin)"
"1009494@aspc1602.onmicrosoft.com","Pepper Potts","Pepper Potts"
"1009495@aspc1602.onmicrosoft.com","Pestilence","Pestilence"
"1011388@aspc1602.onmicrosoft.com","Pet Avengers","Pet Avengers"
"1010779@aspc1602.onmicrosoft.com","Pete Wisdom","Pete Wisdom"
"1009491@aspc1602.onmicrosoft.com","Peter Parker","Peter Parker"
"1010734@aspc1602.onmicrosoft.com","Peter Quill","Peter Quill"
"1011021@aspc1602.onmicrosoft.com","Phalanx","Phalanx"
"1011419@aspc1602.onmicrosoft.com","Phantom Reporter","Phantom Reporter"
"1011369@aspc1602.onmicrosoft.com","Phil Sheldon","Phil Sheldon"
"1011045@aspc1602.onmicrosoft.com","Photon","Photon"
"1010741@aspc1602.onmicrosoft.com","Phyla-Vell","Phyla-Vell"
"1010886@aspc1602.onmicrosoft.com","Piledriver","Piledriver"
"1010762@aspc1602.onmicrosoft.com","Pip","Pip"
"1011179@aspc1602.onmicrosoft.com","Pixie","Pixie"
"1009498@aspc1602.onmicrosoft.com","Plazm","Plazm"
"1009499@aspc1602.onmicrosoft.com","Polaris","Polaris"
"1009501@aspc1602.onmicrosoft.com","Post","Post"
"1016840@aspc1602.onmicrosoft.com","Power Man (USM)","Power Man (USM)"
"1010770@aspc1602.onmicrosoft.com","Power Pack","Power Pack"
"1011151@aspc1602.onmicrosoft.com","Praxagora","Praxagora"
"1011152@aspc1602.onmicrosoft.com","Preak","Preak"
"1009502@aspc1602.onmicrosoft.com","Pretty Boy","Pretty Boy"
"1011104@aspc1602.onmicrosoft.com","Pride","Pride"
"1014989@aspc1602.onmicrosoft.com","Prima","Prima"
"1011234@aspc1602.onmicrosoft.com","Prince of Orphans","Prince of Orphans"
"1010750@aspc1602.onmicrosoft.com","Princess Powerful","Princess Powerful"
"1009503@aspc1602.onmicrosoft.com","Prism","Prism"
"1011030@aspc1602.onmicrosoft.com","Prodigy","Prodigy"
"1011153@aspc1602.onmicrosoft.com","Proemial Gods","Proemial Gods"
"1011378@aspc1602.onmicrosoft.com","Professor Monster","Professor Monster"
"1009504@aspc1602.onmicrosoft.com","Professor X","Professor X"
"1010958@aspc1602.onmicrosoft.com","Professor X (Ultimate)","Professor X (Ultimate)"
"1009505@aspc1602.onmicrosoft.com","Proteus","Proteus"
"1010960@aspc1602.onmicrosoft.com","Proteus (House of M)","Proteus (House of M)"
"1010959@aspc1602.onmicrosoft.com","Proteus (Ultimate)","Proteus (Ultimate)"
"1009506@aspc1602.onmicrosoft.com","Proudstar","Proudstar"
"1009507@aspc1602.onmicrosoft.com","Prowler","Prowler"
"1010961@aspc1602.onmicrosoft.com","Prowler (Rick Lawson)","Prowler (Rick Lawson)"
"1009511@aspc1602.onmicrosoft.com","Psycho-Man","Psycho-Man"
"1009512@aspc1602.onmicrosoft.com","Psylocke","Psylocke"
"1009510@aspc1602.onmicrosoft.com","PsyNapse","PsyNapse"
"1009513@aspc1602.onmicrosoft.com","Puck","Puck"
"1010962@aspc1602.onmicrosoft.com","Puck (Zuzha Yu)","Puck (Zuzha Yu)"
"1010865@aspc1602.onmicrosoft.com","Puff Adder","Puff Adder"
"1011165@aspc1602.onmicrosoft.com","pug","pug"
"1009514@aspc1602.onmicrosoft.com","Puma","Puma"
"1009515@aspc1602.onmicrosoft.com","Punisher","Punisher"
"1009517@aspc1602.onmicrosoft.com","Punisher (2099)","Punisher (2099)"
"1017306@aspc1602.onmicrosoft.com","Punisher (Marvel: Avengers Alliance)","Punisher (Marvel: Avengers Alliance)"
"1009519@aspc1602.onmicrosoft.com","Puppet Master","Puppet Master"
"1011207@aspc1602.onmicrosoft.com","Purifiers","Purifiers"
"1009520@aspc1602.onmicrosoft.com","Purple Man","Purple Man"
"1009522@aspc1602.onmicrosoft.com","Pyro","Pyro"
"1009523@aspc1602.onmicrosoft.com","Quasar (Phyla-Vell)","Quasar (Phyla-Vell)"
"1010778@aspc1602.onmicrosoft.com","Quasar (Wendell Vaughn)","Quasar (Wendell Vaughn)"
"1010334@aspc1602.onmicrosoft.com","Quasimodo","Quasimodo"
"1011191@aspc1602.onmicrosoft.com","Queen Noir","Queen Noir"
"1009387@aspc1602.onmicrosoft.com","Quentin Quire","Quentin Quire"
"1009524@aspc1602.onmicrosoft.com","Quicksilver","Quicksilver"
"1010964@aspc1602.onmicrosoft.com","Quicksilver (Age of Apocalypse)","Quicksilver (Age of Apocalypse)"
"1010963@aspc1602.onmicrosoft.com","Quicksilver (Ultimate)","Quicksilver (Ultimate)"
"1009430@aspc1602.onmicrosoft.com","Rachel Grey","Rachel Grey"
"1011097@aspc1602.onmicrosoft.com","Captain Marvel (Phyla-Vell)","Captain Marvel (Phyla-Vell)"
"1011355@aspc1602.onmicrosoft.com","Captain Midlands","Captain Midlands"
"1009225@aspc1602.onmicrosoft.com","Captain Stacy","Captain Stacy"
"1011027@aspc1602.onmicrosoft.com","Captain Universe","Captain Universe"
"1011052@aspc1602.onmicrosoft.com","Cardiac","Cardiac"
"1010143@aspc1602.onmicrosoft.com","Caretaker","Caretaker"
"1009226@aspc1602.onmicrosoft.com","Cargill","Cargill"
"1011258@aspc1602.onmicrosoft.com","Carlie Cooper","Carlie Cooper"
"1009688@aspc1602.onmicrosoft.com","Carmella Unuscione","Carmella Unuscione"
"1009227@aspc1602.onmicrosoft.com","Carnage","Carnage"
"1010916@aspc1602.onmicrosoft.com","Carnage (Ultimate)","Carnage (Ultimate)"
"1009261@aspc1602.onmicrosoft.com","Carol Danvers","Carol Danvers"
"1009344@aspc1602.onmicrosoft.com","Carol Hines","Carol Hines"
"1009478@aspc1602.onmicrosoft.com","Cassandra Nova","Cassandra Nova"
"1009230@aspc1602.onmicrosoft.com","Catseye","Catseye"
"1009536@aspc1602.onmicrosoft.com","Cecilia Reyes","Cecilia Reyes"
"1010813@aspc1602.onmicrosoft.com","Celestials","Celestials"
"1011039@aspc1602.onmicrosoft.com","Centennial","Centennial"
"1011140@aspc1602.onmicrosoft.com","Centurions","Centurions"
"1009231@aspc1602.onmicrosoft.com","Cerebro","Cerebro"
"1011141@aspc1602.onmicrosoft.com","Cerise","Cerise"
"1009232@aspc1602.onmicrosoft.com","Ch'od","Ch'od"
"1009233@aspc1602.onmicrosoft.com","Chamber","Chamber"
"1009234@aspc1602.onmicrosoft.com","Chameleon","Chameleon"
"1010756@aspc1602.onmicrosoft.com","Champions","Champions"
"1011015@aspc1602.onmicrosoft.com","Changeling","Changeling"
"1009733@aspc1602.onmicrosoft.com","Charles Xavier","Charles Xavier"
"1011331@aspc1602.onmicrosoft.com","Charlie Campion","Charlie Campion"
"1010754@aspc1602.onmicrosoft.com","Chase Stein","Chase Stein"
"1011359@aspc1602.onmicrosoft.com","Chat","Chat"
"1009237@aspc1602.onmicrosoft.com","Chimera","Chimera"
"1011411@aspc1602.onmicrosoft.com","Chores MacGillicudy","Chores MacGillicudy"
"1011187@aspc1602.onmicrosoft.com","Christian Walker","Christian Walker"
"1009238@aspc1602.onmicrosoft.com","Chronomancer","Chronomancer"
"1011270@aspc1602.onmicrosoft.com","ClanDestine","ClanDestine"
"1009239@aspc1602.onmicrosoft.com","Clea","Clea"
"1014999@aspc1602.onmicrosoft.com","Clea (Ultimate)","Clea (Ultimate)"
"1010809@aspc1602.onmicrosoft.com","Clint Barton","Clint Barton"
"1009241@aspc1602.onmicrosoft.com","Cloak","Cloak"
"1010823@aspc1602.onmicrosoft.com","Cloud 9","Cloud 9"
"1011286@aspc1602.onmicrosoft.com","Cobalt Man","Cobalt Man"
"1010676@aspc1602.onmicrosoft.com","Colleen Wing","Colleen Wing"
"1010798@aspc1602.onmicrosoft.com","Colonel America","Colonel America"
"1009243@aspc1602.onmicrosoft.com","Colossus","Colossus"
"1010917@aspc1602.onmicrosoft.com","Colossus (Ultimate)","Colossus (Ultimate)"
"1011410@aspc1602.onmicrosoft.com","Confederates of the Curious","Confederates of the Curious"
"1009245@aspc1602.onmicrosoft.com","Constrictor","Constrictor"
"1011407@aspc1602.onmicrosoft.com","Contessa (Vera Vidal)","Contessa (Vera Vidal)"
"1010346@aspc1602.onmicrosoft.com","Controller","Controller"
"1009246@aspc1602.onmicrosoft.com","Cornelius","Cornelius"
"1009247@aspc1602.onmicrosoft.com","Corsair","Corsair"
"1011353@aspc1602.onmicrosoft.com","Cosmo (dog)","Cosmo (dog)"
"1011362@aspc1602.onmicrosoft.com","Cottonmouth","Cottonmouth"
"1009249@aspc1602.onmicrosoft.com","Count Nefaria","Count Nefaria"
"1009250@aspc1602.onmicrosoft.com","Countess","Countess"
"1011272@aspc1602.onmicrosoft.com","Crimson Crusader","Crimson Crusader"
"1009251@aspc1602.onmicrosoft.com","Crimson Dynamo","Crimson Dynamo"
"1017323@aspc1602.onmicrosoft.com","Crimson Dynamo (Iron Man 3 - The Official Game)","Crimson Dynamo (Iron Man 3 - The Official Game)"
"1011169@aspc1602.onmicrosoft.com","Crimson King","Crimson King"
"1009252@aspc1602.onmicrosoft.com","Crossbones","Crossbones"
"1009253@aspc1602.onmicrosoft.com","Crule","Crule"
"1009254@aspc1602.onmicrosoft.com","Crusher Hogan","Crusher Hogan"
"1014991@aspc1602.onmicrosoft.com","Crusher Hogan (Ultimate)","Crusher Hogan (Ultimate)"
"1009255@aspc1602.onmicrosoft.com","Crystal","Crystal"
"1011268@aspc1602.onmicrosoft.com","Cuckoo","Cuckoo"
"1009244@aspc1602.onmicrosoft.com","Curt Conners","Curt Conners"
"1011174@aspc1602.onmicrosoft.com","Cuthbert","Cuthbert"
"1009256@aspc1602.onmicrosoft.com","Cyber","Cyber"
"1009257@aspc1602.onmicrosoft.com","Cyclops","Cyclops"
"1010918@aspc1602.onmicrosoft.com","Cyclops (Ultimate)","Cyclops (Ultimate)"
"1017473@aspc1602.onmicrosoft.com","Cyclops (X-Men: Battle of the Atom)","Cyclops (X-Men: Battle of the Atom)"
"1011385@aspc1602.onmicrosoft.com","Cypher","Cypher"
"1011050@aspc1602.onmicrosoft.com","D'Ken Neramani","D'Ken Neramani"
"1009258@aspc1602.onmicrosoft.com","Dagger","Dagger"
"1010774@aspc1602.onmicrosoft.com","Daily Bugle","Daily Bugle"
"1010719@aspc1602.onmicrosoft.com","Daimon Hellstrom","Daimon Hellstrom"
"1011001@aspc1602.onmicrosoft.com","Daken","Daken"
"1011333@aspc1602.onmicrosoft.com","Dakota North","Dakota North"
"1009259@aspc1602.onmicrosoft.com","Damage Control","Damage Control"
"1009453@aspc1602.onmicrosoft.com","Dani Moonstar","Dani Moonstar"
"1010776@aspc1602.onmicrosoft.com","Danny Rand","Danny Rand"
"1009262@aspc1602.onmicrosoft.com","Daredevil","Daredevil"
"1017292@aspc1602.onmicrosoft.com","Daredevil (LEGO Marvel Super Heroes)","Daredevil (LEGO Marvel Super Heroes)"
"1017312@aspc1602.onmicrosoft.com","Daredevil (Marvel Heroes)","Daredevil (Marvel Heroes)"
"1010919@aspc1602.onmicrosoft.com","Daredevil (Ultimate)","Daredevil (Ultimate)"
"1011306@aspc1602.onmicrosoft.com","Dargo Ktor","Dargo Ktor"
"1011367@aspc1602.onmicrosoft.com","Dark Avengers","Dark Avengers"
"1010907@aspc1602.onmicrosoft.com","Dark Beast","Dark Beast"
"1009265@aspc1602.onmicrosoft.com","Dark Phoenix","Dark Phoenix"
"1011387@aspc1602.onmicrosoft.com","Dark X-Men","Dark X-Men"
"1011020@aspc1602.onmicrosoft.com","Darkhawk","Darkhawk"
"1009266@aspc1602.onmicrosoft.com","Darkstar","Darkstar"
"1011016@aspc1602.onmicrosoft.com","Darwin","Darwin"
"1009267@aspc1602.onmicrosoft.com","Dazzler","Dazzler"
"1010920@aspc1602.onmicrosoft.com","Dazzler (Ultimate)","Dazzler (Ultimate)"
"1010341@aspc1602.onmicrosoft.com","Deacon Frost","Deacon Frost"
"1011087@aspc1602.onmicrosoft.com","Dead Girl","Dead Girl"
"1009268@aspc1602.onmicrosoft.com","Deadpool","Deadpool"
"1017316@aspc1602.onmicrosoft.com","Deadpool (Deadpool)","Deadpool (Deadpool)"
"1017336@aspc1602.onmicrosoft.com","Deadpool (LEGO Marvel Super Heroes)","Deadpool (LEGO Marvel Super Heroes)"
"1010363@aspc1602.onmicrosoft.com","Logan","Logan"
"1009407@aspc1602.onmicrosoft.com","Loki","Loki"
"1017299@aspc1602.onmicrosoft.com","Loki (LEGO Marvel Super Heroes)","Loki (LEGO Marvel Super Heroes)"
"1010768@aspc1602.onmicrosoft.com","Loners","Loners"
"1009408@aspc1602.onmicrosoft.com","Longshot","Longshot"
"1010940@aspc1602.onmicrosoft.com","Longshot (Ultimate)","Longshot (Ultimate)"
"1011145@aspc1602.onmicrosoft.com","Lord Hawal","Lord Hawal"
"1014980@aspc1602.onmicrosoft.com","Lord Tyger","Lord Tyger"
"1011283@aspc1602.onmicrosoft.com","Lords of Avalon","Lords of Avalon"
"1009260@aspc1602.onmicrosoft.com","Lorna Dane","Lorna Dane"
"1009409@aspc1602.onmicrosoft.com","Luckman","Luckman"
"1011405@aspc1602.onmicrosoft.com","Lucky Pierre","Lucky Pierre"
"1010751@aspc1602.onmicrosoft.com","Lucy in the Sky","Lucy in the Sky"
"1009215@aspc1602.onmicrosoft.com","Luke Cage","Luke Cage"
"1011200@aspc1602.onmicrosoft.com","Luminals","Luminals"
"1010896@aspc1602.onmicrosoft.com","Lyja","Lyja"
"1011068@aspc1602.onmicrosoft.com","M (Monet St. Croix)","M (Monet St. Croix)"
"1011004@aspc1602.onmicrosoft.com","M.O.D.A.M.","M.O.D.A.M."
"1011320@aspc1602.onmicrosoft.com","M.O.D.O.G.","M.O.D.O.G."
"1010726@aspc1602.onmicrosoft.com","M.O.D.O.K.","M.O.D.O.K."
"1017321@aspc1602.onmicrosoft.com","M.O.D.O.K. (Iron Man 3 - The Official Game)","M.O.D.O.K. (Iron Man 3 - The Official Game)"
"1009418@aspc1602.onmicrosoft.com","Ma Gnuci","Ma Gnuci"
"1009314@aspc1602.onmicrosoft.com","Mac Gargan","Mac Gargan"
"1010851@aspc1602.onmicrosoft.com","Mach IV","Mach IV"
"1010805@aspc1602.onmicrosoft.com","Machine Man","Machine Man"
"1009411@aspc1602.onmicrosoft.com","Mad Thinker","Mad Thinker"
"1009412@aspc1602.onmicrosoft.com","Madame Hydra","Madame Hydra"
"1010352@aspc1602.onmicrosoft.com","Madame Masque","Madame Masque"
"1010796@aspc1602.onmicrosoft.com","Madame Web (Julia Carpenter)","Madame Web (Julia Carpenter)"
"1010724@aspc1602.onmicrosoft.com","Maddog","Maddog"
"1009509@aspc1602.onmicrosoft.com","Madelyne Pryor","Madelyne Pryor"
"1011205@aspc1602.onmicrosoft.com","Madripoor","Madripoor"
"1009413@aspc1602.onmicrosoft.com","Madrox","Madrox"
"1011053@aspc1602.onmicrosoft.com","Maelstrom","Maelstrom"
"1011328@aspc1602.onmicrosoft.com","Maestro","Maestro"
"1010867@aspc1602.onmicrosoft.com","Magdalene","Magdalene"
"1009414@aspc1602.onmicrosoft.com","Maggott","Maggott"
"1010942@aspc1602.onmicrosoft.com","Magik (Amanda Sefton)","Magik (Amanda Sefton)"
"1009415@aspc1602.onmicrosoft.com","Magik (Illyana Rasputin)","Magik (Illyana Rasputin)"
"1011135@aspc1602.onmicrosoft.com","Maginty","Maginty"
"1009416@aspc1602.onmicrosoft.com","Magma (Amara Aquilla)","Magma (Amara Aquilla)"
"1009417@aspc1602.onmicrosoft.com","Magneto","Magneto"
"1010944@aspc1602.onmicrosoft.com","Magneto (Age of Apocalypse)","Magneto (Age of Apocalypse)"
"1010945@aspc1602.onmicrosoft.com","Magneto (House of M)","Magneto (House of M)"
"1010943@aspc1602.onmicrosoft.com","Magneto (Ultimate)","Magneto (Ultimate)"
"1017477@aspc1602.onmicrosoft.com","Magneto (X-Men: Battle of the Atom)","Magneto (X-Men: Battle of the Atom)"
"1010904@aspc1602.onmicrosoft.com","Magus (Adam Warlock)","Magus (Adam Warlock)"
"1011364@aspc1602.onmicrosoft.com","Magus (Technarch)","Magus (Technarch)"
"1011085@aspc1602.onmicrosoft.com","Major Mapleleaf","Major Mapleleaf"
"1010725@aspc1602.onmicrosoft.com","Makkari","Makkari"
"1009242@aspc1602.onmicrosoft.com","Malcolm Colcord","Malcolm Colcord"
"1011229@aspc1602.onmicrosoft.com","Malice (Earth-161)","Malice (Earth-161)"
"1009420@aspc1602.onmicrosoft.com","Man-Thing","Man-Thing"
"1010811@aspc1602.onmicrosoft.com","Man-Wolf","Man-Wolf"
"1009421@aspc1602.onmicrosoft.com","Mandarin","Mandarin"
"1011243@aspc1602.onmicrosoft.com","Mandrill","Mandrill"
"1009422@aspc1602.onmicrosoft.com","Mandroid","Mandroid"
"1009423@aspc1602.onmicrosoft.com","Manta","Manta"
"1011026@aspc1602.onmicrosoft.com","Mantis","Mantis"
"1009424@aspc1602.onmicrosoft.com","Marauders","Marauders"
"1015018@aspc1602.onmicrosoft.com","Marcus Van Sciver","Marcus Van Sciver"
"1011335@aspc1602.onmicrosoft.com","Maria Hill","Maria Hill"
"1009735@aspc1602.onmicrosoft.com","Mariko Yashida","Mariko Yashida"
"1009425@aspc1602.onmicrosoft.com","Marrow","Marrow"
"1011173@aspc1602.onmicrosoft.com","Marten Broadcloak","Marten Broadcloak"
"1011263@aspc1602.onmicrosoft.com","Martin Li","Martin Li"
"1011350@aspc1602.onmicrosoft.com","Marvel Apes","Marvel Apes"
"1009427@aspc1602.onmicrosoft.com","Marvel Boy","Marvel Boy"
"1011002@aspc1602.onmicrosoft.com","Marvel Zombies","Marvel Zombies"
"1011417@aspc1602.onmicrosoft.com","Marvex","Marvex"
"1009708@aspc1602.onmicrosoft.com","Mary Jane Watson","Mary Jane Watson"
"1010993@aspc1602.onmicrosoft.com","Mary Jane Watson (House of M)","Mary Jane Watson (House of M)"
"1011203@aspc1602.onmicrosoft.com","Mary Jane Watson (Ultimate)","Mary Jane Watson (Ultimate)"
"1010869@aspc1602.onmicrosoft.com","Masked Marvel (Unrevealed)","Masked Marvel (Unrevealed)"
"1010367@aspc1602.onmicrosoft.com","Masque","Masque"
"1010732@aspc1602.onmicrosoft.com","Master Chief","Master Chief"
"1009433@aspc1602.onmicrosoft.com","Master Mold","Master Mold"
"1009434@aspc1602.onmicrosoft.com","Mastermind","Mastermind"
"1011279@aspc1602.onmicrosoft.com","Masters of Evil","Masters of Evil"
"1010877@aspc1602.onmicrosoft.com","Mathemanic","Mathemanic"
"1009677@aspc1602.onmicrosoft.com","Matsu'o Tsurayaba","Matsu'o Tsurayaba"
"1009463@aspc1602.onmicrosoft.com","Matthew Murdock","Matthew Murdock"
"1010793@aspc1602.onmicrosoft.com","Mattie Franklin","Mattie Franklin"
"1009436@aspc1602.onmicrosoft.com","Mauler","Mauler"
"1010947@aspc1602.onmicrosoft.com","Maverick (Chris Bradley)","Maverick (Chris Bradley)"
"1009437@aspc1602.onmicrosoft.com","Maverick (Christoph Nord)","Maverick (Christoph Nord)"
"1011305@aspc1602.onmicrosoft.com","Maximus","Maximus"
"1009490@aspc1602.onmicrosoft.com","May Parker","May Parker"
"1009438@aspc1602.onmicrosoft.com","Medusa","Medusa"
"1011399@aspc1602.onmicrosoft.com","Meggan","Meggan"
"1009439@aspc1602.onmicrosoft.com","Meltdown","Meltdown"
"1011241@aspc1602.onmicrosoft.com","Menace","Menace"
"1011099@aspc1602.onmicrosoft.com","Mentallo","Mentallo"
"1011184@aspc1602.onmicrosoft.com","Mentor","Mentor"
"1009440@aspc1602.onmicrosoft.com","Mephisto","Mephisto"
"1009441@aspc1602.onmicrosoft.com","Mephistopheles","Mephistopheles"
"1010681@aspc1602.onmicrosoft.com","Mercury","Mercury"
"1009442@aspc1602.onmicrosoft.com","Mesmero","Mesmero"
"1009443@aspc1602.onmicrosoft.com","Metal Master","Metal Master"
"1010361@aspc1602.onmicrosoft.com","Meteorite","Meteorite"
"1011340@aspc1602.onmicrosoft.com","MI: 13","MI: 13"
"1009444@aspc1602.onmicrosoft.com","Micro/Macro","Micro/Macro"
"1010690@aspc1602.onmicrosoft.com","Microbe","Microbe"
"1011134@aspc1602.onmicrosoft.com","Microchip","Microchip"
"1010871@aspc1602.onmicrosoft.com","Micromax","Micromax"
"1010891@aspc1602.onmicrosoft.com","Midnight (Earth-811)","Midnight (Earth-811)"
"1010924@aspc1602.onmicrosoft.com","Miek","Miek"
"1009530@aspc1602.onmicrosoft.com","Mikhail Rasputin","Mikhail Rasputin"
"1011192@aspc1602.onmicrosoft.com","Millenium Guard","Millenium Guard"
"1010894@aspc1602.onmicrosoft.com","Millie the Model","Millie the Model"
"1009445@aspc1602.onmicrosoft.com","Mimic","Mimic"
"1011204@aspc1602.onmicrosoft.com","Mindworm","Mindworm"
"1013727@aspc1602.onmicrosoft.com","Miracleman","Miracleman"
"1011424@aspc1602.onmicrosoft.com","Miss America","Miss America"
"1009446@aspc1602.onmicrosoft.com","Mister Fear","Mister Fear"
"1009447@aspc1602.onmicrosoft.com","Mister Sinister","Mister Sinister"
"1017318@aspc1602.onmicrosoft.com","Mister Sinister (Deadpool)","Mister Sinister (Deadpool)"
"1010948@aspc1602.onmicrosoft.com","Mister Sinister (House of M)","Mister Sinister (House of M)"
"1011254@aspc1602.onmicrosoft.com","Mister Sinister (Ultimate)","Mister Sinister (Ultimate)"
"1010682@aspc1602.onmicrosoft.com","Misty Knight","Misty Knight"
"1011220@aspc1602.onmicrosoft.com","Mockingbird","Mockingbird"
"1009410@aspc1602.onmicrosoft.com","Moira MacTaggert","Moira MacTaggert"
"1010941@aspc1602.onmicrosoft.com","Moira MacTaggert (Ultimate)","Moira MacTaggert (Ultimate)"
"1009448@aspc1602.onmicrosoft.com","Mojo","Mojo"
"1009449@aspc1602.onmicrosoft.com","Mole Man","Mole Man"
"1011019@aspc1602.onmicrosoft.com","Molecule Man","Molecule Man"
"1010691@aspc1602.onmicrosoft.com","Molly Hayes","Molly Hayes"
"1009541@aspc1602.onmicrosoft.com","Molly Von Richtofen","Molly Von Richtofen"
"1011370@aspc1602.onmicrosoft.com","Molten Man","Molten Man"
"1010876@aspc1602.onmicrosoft.com","Mongoose","Mongoose"
"1009450@aspc1602.onmicrosoft.com","Mongu (Unrevealed)","Mongu (Unrevealed)"
"1010331@aspc1602.onmicrosoft.com","Monster Badoon","Monster Badoon"
"1009452@aspc1602.onmicrosoft.com","Moon Knight","Moon Knight"
"1010949@aspc1602.onmicrosoft.com","Moon Knight (House of M)","Moon Knight (House of M)"
"1014998@aspc1602.onmicrosoft.com","Moon Knight (Ultimate)","Moon Knight (Ultimate)"
"1009451@aspc1602.onmicrosoft.com","Moondragon","Moondragon"
"1010362@aspc1602.onmicrosoft.com","Moonstone","Moonstone"
"1009454@aspc1602.onmicrosoft.com","Morbius","Morbius"
"1010902@aspc1602.onmicrosoft.com","Mordo","Mordo"
"1009455@aspc1602.onmicrosoft.com","Morg","Morg"
"1009623@aspc1602.onmicrosoft.com","Morgan Stark","Morgan Stark"
"1011008@aspc1602.onmicrosoft.com","Morlocks","Morlocks"
"1011088@aspc1602.onmicrosoft.com","Morlun","Morlun"
"1009456@aspc1602.onmicrosoft.com","Morph","Morph"
"1009457@aspc1602.onmicrosoft.com","Mother Askani","Mother Askani"
"1009458@aspc1602.onmicrosoft.com","Mr. Bumpo","Mr. Bumpo"
"1009459@aspc1602.onmicrosoft.com","Mr. Fantastic","Mr. Fantastic"
"1010950@aspc1602.onmicrosoft.com","Mr. Fantastic (Ultimate)","Mr. Fantastic (Ultimate)"
"1010900@aspc1602.onmicrosoft.com","Mr. Fish","Mr. Fish"
"1009460@aspc1602.onmicrosoft.com","Mr. Fixit","Mr. Fixit"
"1010347@aspc1602.onmicrosoft.com","Mr. Hyde","Mr. Hyde"
"1010840@aspc1602.onmicrosoft.com","Mr. Immortal","Mr. Immortal"
"1014984@aspc1602.onmicrosoft.com","Mr. Meugniot","Mr. Meugniot"
"1011244@aspc1602.onmicrosoft.com","Mr. Negative","Mr. Negative"
"1009461@aspc1602.onmicrosoft.com","Mr. Payback","Mr. Payback"
"1009462@aspc1602.onmicrosoft.com","Mr. X","Mr. X"
"1017577@aspc1602.onmicrosoft.com","Ms. Marvel (Kamala Khan)","Ms. Marvel (Kamala Khan)"
"1011372@aspc1602.onmicrosoft.com","MS2","MS2"
"1011210@aspc1602.onmicrosoft.com","Mulholland Black","Mulholland Black"
"1011056@aspc1602.onmicrosoft.com","Multiple Man","Multiple Man"
"1010826@aspc1602.onmicrosoft.com","MVP","MVP"
"1009464@aspc1602.onmicrosoft.com","Mysterio","Mysterio"
"1010951@aspc1602.onmicrosoft.com","Mysterio (Daniel Berkhart)","Mysterio (Daniel Berkhart)"
"1010952@aspc1602.onmicrosoft.com","Mysterio (Francis Klum)","Mysterio (Francis Klum)"
"1009465@aspc1602.onmicrosoft.com","Mystique","Mystique"
"1010953@aspc1602.onmicrosoft.com","Mystique (Age of Apocalypse)","Mystique (Age of Apocalypse)"
"1010954@aspc1602.onmicrosoft.com","Mystique (House of M)","Mystique (House of M)"
"1011129@aspc1602.onmicrosoft.com","Mystique (Ultimate)","Mystique (Ultimate)"
"1009466@aspc1602.onmicrosoft.com","Namor","Namor"
"1009468@aspc1602.onmicrosoft.com","Namora","Namora"
"1009469@aspc1602.onmicrosoft.com","Namorita","Namorita"
"1014978@aspc1602.onmicrosoft.com","Naoko","Naoko"
"1009547@aspc1602.onmicrosoft.com","Natasha Romanoff","Natasha Romanoff"
"1010365@aspc1602.onmicrosoft.com","Nebula","Nebula"
"1011302@aspc1602.onmicrosoft.com","Nehzno","Nehzno"
"1011422@aspc1602.onmicrosoft.com","Nekra","Nekra"
"1011086@aspc1602.onmicrosoft.com","Nemesis","Nemesis"
"1010831@aspc1602.onmicrosoft.com","Network","Network"
"1010815@aspc1602.onmicrosoft.com","New Goblin","New Goblin"
"1011336@aspc1602.onmicrosoft.com","New Mutants","New Mutants"
"1010683@aspc1602.onmicrosoft.com","New Warriors","New Warriors"
"1011271@aspc1602.onmicrosoft.com","New X-Men","New X-Men"
"1011269@aspc1602.onmicrosoft.com","Newton Destine","Newton Destine"
"1011303@aspc1602.onmicrosoft.com","Next Avengers","Next Avengers"
"1010685@aspc1602.onmicrosoft.com","Nextwave","Nextwave"
"1009471@aspc1602.onmicrosoft.com","Nick Fury","Nick Fury"
"1017298@aspc1602.onmicrosoft.com","Nick Fury (LEGO Marvel Super Heroes)","Nick Fury (LEGO Marvel Super Heroes)"
"1011007@aspc1602.onmicrosoft.com","Nick Fury (Ultimate)","Nick Fury (Ultimate)"
"1010746@aspc1602.onmicrosoft.com","Nico Minoru","Nico Minoru"
"1010706@aspc1602.onmicrosoft.com","Nicolaos","Nicolaos"
"1011282@aspc1602.onmicrosoft.com","Night Nurse (Earth-9997)","Night Nurse (Earth-9997)"
"1010684@aspc1602.onmicrosoft.com","Night Thrasher","Night Thrasher"
"1009472@aspc1602.onmicrosoft.com","Nightcrawler","Nightcrawler"
"1011337@aspc1602.onmicrosoft.com","Nightcrawler (Ultimate)","Nightcrawler (Ultimate)"
"1010349@aspc1602.onmicrosoft.com","Nighthawk","Nighthawk"
"1009473@aspc1602.onmicrosoft.com","Nightmare","Nightmare"
"1011124@aspc1602.onmicrosoft.com","Nightshade","Nightshade"
"1011409@aspc1602.onmicrosoft.com","Nine-Fold Daughters of Xao","Nine-Fold Daughters of Xao"
"1010797@aspc1602.onmicrosoft.com","Nitro","Nitro"
"1009474@aspc1602.onmicrosoft.com","Nocturne","Nocturne"
"1009489@aspc1602.onmicrosoft.com","Ben Parker","Ben Parker"
"1011346@aspc1602.onmicrosoft.com","Ben Reilly","Ben Reilly"
"1010782@aspc1602.onmicrosoft.com","Ben Urich","Ben Urich"
"1010829@aspc1602.onmicrosoft.com","Bengal","Bengal"
"1009180@aspc1602.onmicrosoft.com","Beta-Ray Bill","Beta-Ray Bill"
"1010325@aspc1602.onmicrosoft.com","Betty Brant","Betty Brant"
"1009548@aspc1602.onmicrosoft.com","Betty Ross","Betty Ross"
"1011138@aspc1602.onmicrosoft.com","Beyonder","Beyonder"
"1011296@aspc1602.onmicrosoft.com","Bi-Beast","Bi-Beast"
"1010843@aspc1602.onmicrosoft.com","Big Bertha","Big Bertha"
"1009181@aspc1602.onmicrosoft.com","Big Wheel","Big Wheel"
"1011262@aspc1602.onmicrosoft.com","Bill Hollister","Bill Hollister"
"1009182@aspc1602.onmicrosoft.com","Bishop","Bishop"
"1011224@aspc1602.onmicrosoft.com","Bishop (Ultimate)","Bishop (Ultimate)"
"1009183@aspc1602.onmicrosoft.com","Black Bird","Black Bird"
"1009184@aspc1602.onmicrosoft.com","Black Bolt","Black Bolt"
"1017330@aspc1602.onmicrosoft.com","Black Bolt (Marvel War of Heroes)","Black Bolt (Marvel War of Heroes)"
"1009185@aspc1602.onmicrosoft.com","Black Cat","Black Cat"
"1010910@aspc1602.onmicrosoft.com","Black Cat (Ultimate)","Black Cat (Ultimate)"
"1010859@aspc1602.onmicrosoft.com","Black Crow","Black Crow"
"1009186@aspc1602.onmicrosoft.com","Black Knight (Sir Percy of Scandia)","Black Knight (Sir Percy of Scandia)"
"1009187@aspc1602.onmicrosoft.com","Black Panther","Black Panther"
"1011130@aspc1602.onmicrosoft.com","Black Panther (Ultimate)","Black Panther (Ultimate)"
"1010356@aspc1602.onmicrosoft.com","Black Queen","Black Queen"
"1010687@aspc1602.onmicrosoft.com","Black Tarantula","Black Tarantula"
"1009188@aspc1602.onmicrosoft.com","Black Tom","Black Tom"
"1009189@aspc1602.onmicrosoft.com","Black Widow","Black Widow"
"1017296@aspc1602.onmicrosoft.com","Black Widow (LEGO Marvel Super Heroes)","Black Widow (LEGO Marvel Super Heroes)"
"1010911@aspc1602.onmicrosoft.com","Black Widow (Ultimate)","Black Widow (Ultimate)"
"1017109@aspc1602.onmicrosoft.com","Black Widow/Natasha Romanoff (MAA)","Black Widow/Natasha Romanoff (MAA)"
"1009190@aspc1602.onmicrosoft.com","Blackheart","Blackheart"
"1010881@aspc1602.onmicrosoft.com","Blacklash","Blacklash"
"1011349@aspc1602.onmicrosoft.com","Blackout","Blackout"
"1009191@aspc1602.onmicrosoft.com","Blade","Blade"
"1009195@aspc1602.onmicrosoft.com","Blastaar","Blastaar"
"1010830@aspc1602.onmicrosoft.com","Blazing Skull","Blazing Skull"
"1011291@aspc1602.onmicrosoft.com","Blindfold","Blindfold"
"1009197@aspc1602.onmicrosoft.com","Blink","Blink"
"1009198@aspc1602.onmicrosoft.com","Blizzard","Blizzard"
"1009199@aspc1602.onmicrosoft.com","Blob","Blob"
"1011132@aspc1602.onmicrosoft.com","Blob (Ultimate)","Blob (Ultimate)"
"1009200@aspc1602.onmicrosoft.com","Blockbuster","Blockbuster"
"1009201@aspc1602.onmicrosoft.com","Blok","Blok"
"1009202@aspc1602.onmicrosoft.com","Bloke","Bloke"
"1011416@aspc1602.onmicrosoft.com","Blonde Phantom","Blonde Phantom"
"1011073@aspc1602.onmicrosoft.com","Bloodaxe","Bloodaxe"
"1009203@aspc1602.onmicrosoft.com","Bloodscream","Bloodscream"
"1009204@aspc1602.onmicrosoft.com","Bloodstorm","Bloodstorm"
"1010850@aspc1602.onmicrosoft.com","Bloodstrike","Bloodstrike"
"1011113@aspc1602.onmicrosoft.com","Blue Blade","Blue Blade"
"1011339@aspc1602.onmicrosoft.com","Blue Marvel","Blue Marvel"
"1011264@aspc1602.onmicrosoft.com","Blue Shield","Blue Shield"
"1010688@aspc1602.onmicrosoft.com","Blur","Blur"
"1011119@aspc1602.onmicrosoft.com","Bob, Agent of Hydra","Bob, Agent of Hydra"
"1010366@aspc1602.onmicrosoft.com","Boom Boom","Boom Boom"
"1009205@aspc1602.onmicrosoft.com","Boomer","Boomer"
"1010371@aspc1602.onmicrosoft.com","Boomerang","Boomerang"
"1009206@aspc1602.onmicrosoft.com","Box","Box"
"1011236@aspc1602.onmicrosoft.com","Bride of Nine Spiders (Immortal Weapons)","Bride of Nine Spiders (Immortal Weapons)"
"1014981@aspc1602.onmicrosoft.com","Bromley","Bromley"
"1009208@aspc1602.onmicrosoft.com","Brood","Brood"
"1011090@aspc1602.onmicrosoft.com","Brother Voodoo","Brother Voodoo"
"1009209@aspc1602.onmicrosoft.com","Brotherhood of Evil Mutants","Brotherhood of Evil Mutants"
"1014973@aspc1602.onmicrosoft.com","Brotherhood of Mutants (Ultimate)","Brotherhood of Mutants (Ultimate)"
"1009167@aspc1602.onmicrosoft.com","Bruce Banner","Bruce Banner"
"1009210@aspc1602.onmicrosoft.com","Brute","Brute"
"1009211@aspc1602.onmicrosoft.com","Bucky","Bucky"
"1011038@aspc1602.onmicrosoft.com","Bug","Bug"
"1010887@aspc1602.onmicrosoft.com","Bulldozer","Bulldozer"
"1009212@aspc1602.onmicrosoft.com","Bullseye","Bullseye"
"1009213@aspc1602.onmicrosoft.com","Bushwacker","Bushwacker"
"1011101@aspc1602.onmicrosoft.com","Butterfly","Butterfly"
"1009214@aspc1602.onmicrosoft.com","Cable","Cable"
"1017317@aspc1602.onmicrosoft.com","Cable (Deadpool)","Cable (Deadpool)"
"1017307@aspc1602.onmicrosoft.com","Cable (Marvel: Avengers Alliance)","Cable (Marvel: Avengers Alliance)"
"1011252@aspc1602.onmicrosoft.com","Cable (Ultimate)","Cable (Ultimate)"
"1017472@aspc1602.onmicrosoft.com","Cable (X-Men: Battle of the Atom)","Cable (X-Men: Battle of the Atom)"
"1011209@aspc1602.onmicrosoft.com","Calamity","Calamity"
"1009216@aspc1602.onmicrosoft.com","Caliban","Caliban"
"1009217@aspc1602.onmicrosoft.com","Callisto","Callisto"
"1010912@aspc1602.onmicrosoft.com","Callisto (Age of Apocalypse)","Callisto (Age of Apocalypse)"
"1009218@aspc1602.onmicrosoft.com","Calypso","Calypso"
"1011139@aspc1602.onmicrosoft.com","Cammi","Cammi"
"1009219@aspc1602.onmicrosoft.com","Cannonball","Cannonball"
"1011276@aspc1602.onmicrosoft.com","Cap'n Oz","Cap'n Oz"
"1009220@aspc1602.onmicrosoft.com","Captain America","Captain America"
"1010914@aspc1602.onmicrosoft.com","Captain America (House of M)","Captain America (House of M)"
"1017295@aspc1602.onmicrosoft.com","Captain America (LEGO Marvel Super Heroes)","Captain America (LEGO Marvel Super Heroes)"
"1017327@aspc1602.onmicrosoft.com","Captain America (Marvel War of Heroes)","Captain America (Marvel War of Heroes)"
"1017575@aspc1602.onmicrosoft.com","Captain America (Sam Wilson)","Captain America (Sam Wilson)"
"1010913@aspc1602.onmicrosoft.com","Captain America (Ultimate)","Captain America (Ultimate)"
"1017105@aspc1602.onmicrosoft.com","Captain America/Steve Rogers (MAA)","Captain America/Steve Rogers (MAA)"
"1009223@aspc1602.onmicrosoft.com","Captain Britain","Captain Britain"
"1010915@aspc1602.onmicrosoft.com","Captain Britain (Ultimate)","Captain Britain (Ultimate)"
"1011190@aspc1602.onmicrosoft.com","Captain Cross","Captain Cross"
"1011196@aspc1602.onmicrosoft.com","Captain Flint","Captain Flint"
"1010338@aspc1602.onmicrosoft.com","Captain Marvel (Carol Danvers)","Captain Marvel (Carol Danvers)"
"1011096@aspc1602.onmicrosoft.com","Captain Marvel (Genis-Vell)","Captain Marvel (Genis-Vell)"
"1009224@aspc1602.onmicrosoft.com","Captain Marvel (Mar-Vell)","Captain Marvel (Mar-Vell)"
"1011095@aspc1602.onmicrosoft.com","Captain Marvel (Monica Rambeau)","Captain Marvel (Monica Rambeau)"
"1011334@aspc1602.onmicrosoft.com","3-D Man","3-D Man"
"1017100@aspc1602.onmicrosoft.com","A-Bomb (HAS)","A-Bomb (HAS)"
"1009144@aspc1602.onmicrosoft.com","A.I.M.","A.I.M."
"1010699@aspc1602.onmicrosoft.com","Aaron Stack","Aaron Stack"
"1009146@aspc1602.onmicrosoft.com","Abomination (Emil Blonsky)","Abomination (Emil Blonsky)"
"1016823@aspc1602.onmicrosoft.com","Abomination (Ultimate)","Abomination (Ultimate)"
"1009148@aspc1602.onmicrosoft.com","Absorbing Man","Absorbing Man"
"1009149@aspc1602.onmicrosoft.com","Abyss","Abyss"
"1010903@aspc1602.onmicrosoft.com","Abyss (Age of Apocalypse)","Abyss (Age of Apocalypse)"
"1011266@aspc1602.onmicrosoft.com","Adam Destine","Adam Destine"
"1010354@aspc1602.onmicrosoft.com","Adam Warlock","Adam Warlock"
"1010846@aspc1602.onmicrosoft.com","Aegis (Trey Rollins)","Aegis (Trey Rollins)"
"1011297@aspc1602.onmicrosoft.com","Agent Brand","Agent Brand"
"1011031@aspc1602.onmicrosoft.com","Agent X (Nijo)","Agent X (Nijo)"
"1009150@aspc1602.onmicrosoft.com","Agent Zero","Agent Zero"
"1011198@aspc1602.onmicrosoft.com","Agents of Atlas","Agents of Atlas"
"1011175@aspc1602.onmicrosoft.com","Aginar","Aginar"
"1011136@aspc1602.onmicrosoft.com","Air-Walker (Gabriel Lan)","Air-Walker (Gabriel Lan)"
"1011176@aspc1602.onmicrosoft.com","Ajak","Ajak"
"1010870@aspc1602.onmicrosoft.com","Ajaxis","Ajaxis"
"1011194@aspc1602.onmicrosoft.com","Akemi","Akemi"
"1011170@aspc1602.onmicrosoft.com","Alain","Alain"
"1009240@aspc1602.onmicrosoft.com","Albert Cleary","Albert Cleary"
"1011120@aspc1602.onmicrosoft.com","Albion","Albion"
"1010836@aspc1602.onmicrosoft.com","Alex Power","Alex Power"
"1010755@aspc1602.onmicrosoft.com","Alex Wilder","Alex Wilder"
"1011214@aspc1602.onmicrosoft.com","Alexa Mendez","Alexa Mendez"
"1009497@aspc1602.onmicrosoft.com","Alexander Pierce","Alexander Pierce"
"1014990@aspc1602.onmicrosoft.com","Alice","Alice"
"1009435@aspc1602.onmicrosoft.com","Alicia Masters","Alicia Masters"
"1010370@aspc1602.onmicrosoft.com","Alpha Flight","Alpha Flight"
"1011324@aspc1602.onmicrosoft.com","Alpha Flight (Ultimate)","Alpha Flight (Ultimate)"
"1011164@aspc1602.onmicrosoft.com","Alvin Maker","Alvin Maker"
"1011227@aspc1602.onmicrosoft.com","Amadeus Cho","Amadeus Cho"
"1009567@aspc1602.onmicrosoft.com","Amanda Sefton","Amanda Sefton"
"1011382@aspc1602.onmicrosoft.com","Amazoness","Amazoness"
"1011361@aspc1602.onmicrosoft.com","American Eagle (Jason Strongbow)","American Eagle (Jason Strongbow)"
"1009151@aspc1602.onmicrosoft.com","Amiko","Amiko"
"1010672@aspc1602.onmicrosoft.com","Amora","Amora"
"1010673@aspc1602.onmicrosoft.com","Amphibian (Earth-712)","Amphibian (Earth-712)"
"1010905@aspc1602.onmicrosoft.com","Amun","Amun"
"1009152@aspc1602.onmicrosoft.com","Ancient One","Ancient One"
"1016824@aspc1602.onmicrosoft.com","Ancient One (Ultimate)","Ancient One (Ultimate)"
"1011396@aspc1602.onmicrosoft.com","Angel (Thomas Halloway)","Angel (Thomas Halloway)"
"1011338@aspc1602.onmicrosoft.com","Angel (Ultimate)","Angel (Ultimate)"
"1009153@aspc1602.onmicrosoft.com","Angel (Warren Worthington III)","Angel (Warren Worthington III)"
"1017574@aspc1602.onmicrosoft.com","Angela (Aldrif Odinsdottir)","Angela (Aldrif Odinsdottir)"
"1010674@aspc1602.onmicrosoft.com","Anita Blake","Anita Blake"
"1009346@aspc1602.onmicrosoft.com","Anne Marie Hoag","Anne Marie Hoag"
"1009154@aspc1602.onmicrosoft.com","Annihilus","Annihilus"
"1011301@aspc1602.onmicrosoft.com","Anole","Anole"
"1010802@aspc1602.onmicrosoft.com","Ant-Man (Eric O'Grady)","Ant-Man (Eric O'Grady)"
"1010801@aspc1602.onmicrosoft.com","Ant-Man (Scott Lang)","Ant-Man (Scott Lang)"
"1011208@aspc1602.onmicrosoft.com","Anthem","Anthem"
"1009156@aspc1602.onmicrosoft.com","Apocalypse","Apocalypse"
"1011253@aspc1602.onmicrosoft.com","Apocalypse (Ultimate)","Apocalypse (Ultimate)"
"1010866@aspc1602.onmicrosoft.com","Aqueduct","Aqueduct"
"1010773@aspc1602.onmicrosoft.com","Arachne","Arachne"
"1017438@aspc1602.onmicrosoft.com","Araña","Araña"
"1009158@aspc1602.onmicrosoft.com","Arcade","Arcade"
"1010686@aspc1602.onmicrosoft.com","Arcana","Arcana"
"1009159@aspc1602.onmicrosoft.com","Archangel","Archangel"
"1009160@aspc1602.onmicrosoft.com","Arclight","Arclight"
"1010784@aspc1602.onmicrosoft.com","Ares","Ares"
"1011275@aspc1602.onmicrosoft.com","Argent","Argent"
"1011012@aspc1602.onmicrosoft.com","Armadillo","Armadillo"
"1011298@aspc1602.onmicrosoft.com","Armor (Hisako Ichiki)","Armor (Hisako Ichiki)"
"1010827@aspc1602.onmicrosoft.com","Armory","Armory"
"1009740@aspc1602.onmicrosoft.com","Arnim Zola","Arnim Zola"
"1010748@aspc1602.onmicrosoft.com","Arsenic","Arsenic"
"1009161@aspc1602.onmicrosoft.com","Artiee","Artiee"
"1010718@aspc1602.onmicrosoft.com","Asgardian","Asgardian"
"1009162@aspc1602.onmicrosoft.com","Askew-Tronics","Askew-Tronics"
"1010835@aspc1602.onmicrosoft.com","Asylum","Asylum"
"1010336@aspc1602.onmicrosoft.com","Atlas (Team)","Atlas (Team)"
"1009163@aspc1602.onmicrosoft.com","Aurora","Aurora"
"1009164@aspc1602.onmicrosoft.com","Avalanche","Avalanche"
"1009165@aspc1602.onmicrosoft.com","Avengers","Avengers"
"1015239@aspc1602.onmicrosoft.com","Avengers (Ultimate)","Avengers (Ultimate)"
"1011766@aspc1602.onmicrosoft.com","Azazel (Mutant)","Azazel (Mutant)"
"1009168@aspc1602.onmicrosoft.com","Banshee","Banshee"
"1009596@aspc1602.onmicrosoft.com","Banshee (Theresa Rourke)","Banshee (Theresa Rourke)"
"1009169@aspc1602.onmicrosoft.com","Baron Strucker","Baron Strucker"
"1009170@aspc1602.onmicrosoft.com","Baron Zemo (Heinrich Zemo)","Baron Zemo (Heinrich Zemo)"
"1010906@aspc1602.onmicrosoft.com","Baron Zemo (Helmut Zemo)","Baron Zemo (Helmut Zemo)"
"1011137@aspc1602.onmicrosoft.com","Baroness S'Bak","Baroness S'Bak"
"1011354@aspc1602.onmicrosoft.com","Barracuda","Barracuda"
"1009550@aspc1602.onmicrosoft.com","Bart Rozum","Bart Rozum"
"1009171@aspc1602.onmicrosoft.com","Bastion","Bastion"
"1009172@aspc1602.onmicrosoft.com","Batroc the Leaper","Batroc the Leaper"
"1009173@aspc1602.onmicrosoft.com","Battering Ram","Battering Ram"
"1009174@aspc1602.onmicrosoft.com","Beak","Beak"
"1009175@aspc1602.onmicrosoft.com","Beast","Beast"
"1010909@aspc1602.onmicrosoft.com","Beast (Earth-311)","Beast (Earth-311)"
"1010908@aspc1602.onmicrosoft.com","Beast (Ultimate)","Beast (Ultimate)"
"1009176@aspc1602.onmicrosoft.com","Becatron","Becatron"
"1009177@aspc1602.onmicrosoft.com","Bedlam","Bedlam"
"1009178@aspc1602.onmicrosoft.com","Beef","Beef"
"1009179@aspc1602.onmicrosoft.com","Beetle (Abner Jenkins)","Beetle (Abner Jenkins)"
"1009329@aspc1602.onmicrosoft.com","Ben Grimm","Ben Grimm"
"1010946@aspc1602.onmicrosoft.com","Jean Grey (Ultimate)","Jean Grey (Ultimate)"
"1009604@aspc1602.onmicrosoft.com","Jennifer Smith","Jennifer Smith"
"1011404@aspc1602.onmicrosoft.com","Jeryn Hogarth","Jeryn Hogarth"
"1010667@aspc1602.onmicrosoft.com","Jessica Drew","Jessica Drew"
"1009378@aspc1602.onmicrosoft.com","Jessica Jones","Jessica Jones"
"1009373@aspc1602.onmicrosoft.com","Jetstream","Jetstream"
"1009374@aspc1602.onmicrosoft.com","Jigsaw","Jigsaw"
"1011105@aspc1602.onmicrosoft.com","Jimmy Woo","Jimmy Woo"
"1009375@aspc1602.onmicrosoft.com","Joan the Mouse","Joan the Mouse"
"1009376@aspc1602.onmicrosoft.com","Jocasta","Jocasta"
"1011171@aspc1602.onmicrosoft.com","John Farson","John Farson"
"1010812@aspc1602.onmicrosoft.com","John Jameson","John Jameson"
"1009500@aspc1602.onmicrosoft.com","John Porter","John Porter"
"1009721@aspc1602.onmicrosoft.com","John Wraith","John Wraith"
"1009196@aspc1602.onmicrosoft.com","Johnny Blaze","Johnny Blaze"
"1009630@aspc1602.onmicrosoft.com","Johnny Storm","Johnny Storm"
"1009380@aspc1602.onmicrosoft.com","Joseph","Joseph"
"1010938@aspc1602.onmicrosoft.com","Joshua Kane","Joshua Kane"
"1010937@aspc1602.onmicrosoft.com","Josiah X","Josiah X"
"1011033@aspc1602.onmicrosoft.com","Joystick","Joystick"
"1009381@aspc1602.onmicrosoft.com","Jubilee","Jubilee"
"1010936@aspc1602.onmicrosoft.com","Jubilee (Age of Apocalypse)","Jubilee (Age of Apocalypse)"
"1009382@aspc1602.onmicrosoft.com","Juggernaut","Juggernaut"
"1010772@aspc1602.onmicrosoft.com","Jule Carpenter","Jule Carpenter"
"1010679@aspc1602.onmicrosoft.com","Julian Keller","Julian Keller"
"1011314@aspc1602.onmicrosoft.com","Junta","Junta"
"1010760@aspc1602.onmicrosoft.com","Justice","Justice"
"1011310@aspc1602.onmicrosoft.com","Justin Hammer","Justin Hammer"
"1011081@aspc1602.onmicrosoft.com","Ka-Zar","Ka-Zar"
"1011193@aspc1602.onmicrosoft.com","Kabuki","Kabuki"
"1009384@aspc1602.onmicrosoft.com","Kang","Kang"
"1014983@aspc1602.onmicrosoft.com","Karen O'Malley","Karen O'Malley"
"1011357@aspc1602.onmicrosoft.com","Karen Page","Karen Page"
"1011386@aspc1602.onmicrosoft.com","Karma","Karma"
"1009385@aspc1602.onmicrosoft.com","Karnak","Karnak"
"1010752@aspc1602.onmicrosoft.com","Karolina Dean ","Karolina Dean "
"1010783@aspc1602.onmicrosoft.com","Kat Farrell","Kat Farrell"
"1010810@aspc1602.onmicrosoft.com","Kate Bishop","Kate Bishop"
"1011250@aspc1602.onmicrosoft.com","Katie Power","Katie Power"
"1011319@aspc1602.onmicrosoft.com","Ken Ellis","Ken Ellis"
"1009386@aspc1602.onmicrosoft.com","Khan","Khan"
"1010893@aspc1602.onmicrosoft.com","Kid Colt","Kid Colt"
"1011397@aspc1602.onmicrosoft.com","Killer Shrike","Killer Shrike"
"1011289@aspc1602.onmicrosoft.com","Killmonger","Killmonger"
"1011116@aspc1602.onmicrosoft.com","Killraven","Killraven"
"1009388@aspc1602.onmicrosoft.com","King Bedlam","King Bedlam"
"1010842@aspc1602.onmicrosoft.com","King Cobra","King Cobra"
"1009389@aspc1602.onmicrosoft.com","Kingpin","Kingpin"
"1011308@aspc1602.onmicrosoft.com","Kinsey Walden","Kinsey Walden"
"1009508@aspc1602.onmicrosoft.com","Kitty Pryde","Kitty Pryde"
"1017476@aspc1602.onmicrosoft.com","Kitty Pryde (X-Men: Battle of the Atom)","Kitty Pryde (X-Men: Battle of the Atom)"
"1009390@aspc1602.onmicrosoft.com","Klaw","Klaw"
"1010818@aspc1602.onmicrosoft.com","Komodo (Melati Kusuma)","Komodo (Melati Kusuma)"
"1011147@aspc1602.onmicrosoft.com","Korath","Korath"
"1011080@aspc1602.onmicrosoft.com","Korg","Korg"
"1011312@aspc1602.onmicrosoft.com","Korvac","Korvac"
"1009391@aspc1602.onmicrosoft.com","Kraven the Hunter","Kraven the Hunter"
"1011148@aspc1602.onmicrosoft.com","Kree","Kree"
"1015017@aspc1602.onmicrosoft.com","Krista Starr","Krista Starr"
"1011178@aspc1602.onmicrosoft.com","Kronos","Kronos"
"1011029@aspc1602.onmicrosoft.com","Kulan Gath","Kulan Gath"
"1011058@aspc1602.onmicrosoft.com","Kylun","Kylun"
"1009392@aspc1602.onmicrosoft.com","La Nuit","La Nuit"
"1011327@aspc1602.onmicrosoft.com","Lady Bullseye","Lady Bullseye"
"1009393@aspc1602.onmicrosoft.com","Lady Deathstrike","Lady Deathstrike"
"1011014@aspc1602.onmicrosoft.com","Lady Mastermind","Lady Mastermind"
"1014977@aspc1602.onmicrosoft.com","Lady Ursula","Lady Ursula"
"1014976@aspc1602.onmicrosoft.com","Lady Vermin","Lady Vermin"
"1009394@aspc1602.onmicrosoft.com","Lake","Lake"
"1009395@aspc1602.onmicrosoft.com","Landau","Landau"
"1009397@aspc1602.onmicrosoft.com","Lava-Man","Lava-Man"
"1011100@aspc1602.onmicrosoft.com","Layla Miller","Layla Miller"
"1009398@aspc1602.onmicrosoft.com","Leader","Leader"
"1011092@aspc1602.onmicrosoft.com","Leech","Leech"
"1009399@aspc1602.onmicrosoft.com","Legion","Legion"
"1011403@aspc1602.onmicrosoft.com","Lei Kung, The Thunderer","Lei Kung, The Thunderer"
"1009166@aspc1602.onmicrosoft.com","Lenny Balinger","Lenny Balinger"
"1011186@aspc1602.onmicrosoft.com","Leo (Zodiac)","Leo (Zodiac)"
"1010340@aspc1602.onmicrosoft.com","Leopardon","Leopardon"
"1011375@aspc1602.onmicrosoft.com","Leper Queen","Leper Queen"
"1014988@aspc1602.onmicrosoft.com","Lester","Lester"
"1011421@aspc1602.onmicrosoft.com","Lethal Legion","Lethal Legion"
"1010977@aspc1602.onmicrosoft.com","Lieutenant Marcus Stone","Lieutenant Marcus Stone"
"1009401@aspc1602.onmicrosoft.com","Lifeguard","Lifeguard"
"1011408@aspc1602.onmicrosoft.com","Lightning Lords of Nepal","Lightning Lords of Nepal"
"1010450@aspc1602.onmicrosoft.com","Lightspeed","Lightspeed"
"1009236@aspc1602.onmicrosoft.com","Lila Cheney","Lila Cheney"
"1009402@aspc1602.onmicrosoft.com","Lilandra","Lilandra"
"1011074@aspc1602.onmicrosoft.com","Lilith","Lilith"
"1011257@aspc1602.onmicrosoft.com","Lily Hollister","Lily Hollister"
"1010337@aspc1602.onmicrosoft.com","Lionheart","Lionheart"
"1010854@aspc1602.onmicrosoft.com","Living Lightning","Living Lightning"
"1011036@aspc1602.onmicrosoft.com","Living Mummy","Living Mummy"
"1011059@aspc1602.onmicrosoft.com","Living Tribunal","Living Tribunal"
"1009403@aspc1602.onmicrosoft.com","Liz Osborn","Liz Osborn"
"1009404@aspc1602.onmicrosoft.com","Lizard","Lizard"
"1010939@aspc1602.onmicrosoft.com","Lizard (Ultimate)","Lizard (Ultimate)"
"1011414@aspc1602.onmicrosoft.com","Loa","Loa"
"1009405@aspc1602.onmicrosoft.com","Lockheed","Lockheed"
"1009406@aspc1602.onmicrosoft.com","Lockjaw","Lockjaw"
"1009305@aspc1602.onmicrosoft.com","Firelord","Firelord"
"1009306@aspc1602.onmicrosoft.com","Firestar","Firestar"
"1011222@aspc1602.onmicrosoft.com","Firestar (Ultimate)","Firestar (Ultimate)"
"1010880@aspc1602.onmicrosoft.com","Fixer (Paul Norbert Ebersol)","Fixer (Paul Norbert Ebersol)"
"1010863@aspc1602.onmicrosoft.com","Flatman","Flatman"
"1010333@aspc1602.onmicrosoft.com","Flying Dutchman","Flying Dutchman"
"1009470@aspc1602.onmicrosoft.com","Foggy Nelson","Foggy Nelson"
"1009307@aspc1602.onmicrosoft.com","Force Works","Force Works"
"1009308@aspc1602.onmicrosoft.com","Forearm","Forearm"
"1009309@aspc1602.onmicrosoft.com","Forge","Forge"
"1014993@aspc1602.onmicrosoft.com","Forge (Ultimate)","Forge (Ultimate)"
"1011177@aspc1602.onmicrosoft.com","Forgotten One","Forgotten One"
"1009229@aspc1602.onmicrosoft.com","Frank Castle","Frank Castle"
"1011356@aspc1602.onmicrosoft.com","Frankenstein's Monster","Frankenstein's Monster"
"1009539@aspc1602.onmicrosoft.com","Franklin Richards","Franklin Richards"
"1010980@aspc1602.onmicrosoft.com","Franklin Storm","Franklin Storm"
"1011240@aspc1602.onmicrosoft.com","Freak","Freak"
"1010799@aspc1602.onmicrosoft.com","Frightful Four","Frightful Four"
"1011389@aspc1602.onmicrosoft.com","Frog Thor","Frog Thor"
"1010670@aspc1602.onmicrosoft.com","Frog-Man","Frog-Man"
"1009377@aspc1602.onmicrosoft.com","Gabe Jones","Gabe Jones"
"1009312@aspc1602.onmicrosoft.com","Galactus","Galactus"
"1011384@aspc1602.onmicrosoft.com","Galia","Galia"
"1009313@aspc1602.onmicrosoft.com","Gambit","Gambit"
"1011201@aspc1602.onmicrosoft.com","Gamma Corps","Gamma Corps"
"1010763@aspc1602.onmicrosoft.com","Gamora","Gamora"
"1017324@aspc1602.onmicrosoft.com","Gamora (Marvel War of Heroes)","Gamora (Marvel War of Heroes)"
"1010832@aspc1602.onmicrosoft.com","Gargoyle","Gargoyle"
"1012513@aspc1602.onmicrosoft.com","Gargoyle (Yuri Topolov)","Gargoyle (Yuri Topolov)"
"1011380@aspc1602.onmicrosoft.com","Garia","Garia"
"1009383@aspc1602.onmicrosoft.com","Garrison Kane","Garrison Kane"
"1009315@aspc1602.onmicrosoft.com","Gateway","Gateway"
"1009316@aspc1602.onmicrosoft.com","Gauntlet (Joseph Green)","Gauntlet (Joseph Green)"
"1011248@aspc1602.onmicrosoft.com","Geiger","Geiger"
"1009556@aspc1602.onmicrosoft.com","Gene Sailors","Gene Sailors"
"1011285@aspc1602.onmicrosoft.com","Generation X","Generation X"
"1009317@aspc1602.onmicrosoft.com","Genesis","Genesis"
"1011098@aspc1602.onmicrosoft.com","Genis-Vell","Genis-Vell"
"1014974@aspc1602.onmicrosoft.com","George Stacy (Ultimate)","George Stacy (Ultimate)"
"1010749@aspc1602.onmicrosoft.com","Gertrude Yorkes","Gertrude Yorkes"
"1010925@aspc1602.onmicrosoft.com","Ghost Rider (Daniel Ketch)","Ghost Rider (Daniel Ketch)"
"1009318@aspc1602.onmicrosoft.com","Ghost Rider (Johnny Blaze)","Ghost Rider (Johnny Blaze)"
"1017329@aspc1602.onmicrosoft.com","Ghost Rider (Marvel War of Heroes)","Ghost Rider (Marvel War of Heroes)"
"1011221@aspc1602.onmicrosoft.com","Giant Girl","Giant Girl"
"1009320@aspc1602.onmicrosoft.com","Giant Man","Giant Man"
"1010720@aspc1602.onmicrosoft.com","Giant-dok","Giant-dok"
"1010926@aspc1602.onmicrosoft.com","Giant-Man (Ultimate)","Giant-Man (Ultimate)"
"1011055@aspc1602.onmicrosoft.com","Gideon","Gideon"
"1014982@aspc1602.onmicrosoft.com","Git Hoskins","Git Hoskins"
"1009321@aspc1602.onmicrosoft.com","Gladiator (Kallark)","Gladiator (Kallark)"
"1011256@aspc1602.onmicrosoft.com","Gladiator (Melvin Potter)","Gladiator (Melvin Potter)"
"1009645@aspc1602.onmicrosoft.com","Glenn Talbot","Glenn Talbot"
"1011144@aspc1602.onmicrosoft.com","Glorian","Glorian"
"1009322@aspc1602.onmicrosoft.com","Goblin Queen","Goblin Queen"
"1011374@aspc1602.onmicrosoft.com","Golden Guardian","Golden Guardian"
"1010927@aspc1602.onmicrosoft.com","Goliath (Bill Foster)","Goliath (Bill Foster)"
"1009324@aspc1602.onmicrosoft.com","Gorgon","Gorgon"
"1010731@aspc1602.onmicrosoft.com","Gorilla Man","Gorilla Man"
"1011076@aspc1602.onmicrosoft.com","Grandmaster","Grandmaster"
"1010702@aspc1602.onmicrosoft.com","Gravity","Gravity"
"1011041@aspc1602.onmicrosoft.com","Great Lakes Avengers","Great Lakes Avengers"
"1014985@aspc1602.onmicrosoft.com","Green Goblin (Barry Norman Osborn)","Green Goblin (Barry Norman Osborn)"
"1010928@aspc1602.onmicrosoft.com","Green Goblin (Harry Osborn)","Green Goblin (Harry Osborn)"
"1010929@aspc1602.onmicrosoft.com","Green Goblin (Ultimate)","Green Goblin (Ultimate)"
"1009326@aspc1602.onmicrosoft.com","Gressill","Gressill"
"1011420@aspc1602.onmicrosoft.com","Grey Gargoyle","Grey Gargoyle"
"1011292@aspc1602.onmicrosoft.com","Greymalkin","Greymalkin"
"1009328@aspc1602.onmicrosoft.com","Grim Reaper","Grim Reaper"
"1010743@aspc1602.onmicrosoft.com","Groot","Groot"
"1009330@aspc1602.onmicrosoft.com","Guardian","Guardian"
"1011299@aspc1602.onmicrosoft.com","Guardians of the Galaxy","Guardians of the Galaxy"
"1009331@aspc1602.onmicrosoft.com","Guardsmen","Guardsmen"
"1010709@aspc1602.onmicrosoft.com","Gunslinger","Gunslinger"
"1009207@aspc1602.onmicrosoft.com","GW Bridge","GW Bridge"
"1009619@aspc1602.onmicrosoft.com","Gwen Stacy","Gwen Stacy"
"1014994@aspc1602.onmicrosoft.com","Gwen Stacy (Ultimate)","Gwen Stacy (Ultimate)"
"1011400@aspc1602.onmicrosoft.com","H.A.M.M.E.R.","H.A.M.M.E.R."
"1009332@aspc1602.onmicrosoft.com","H.E.R.B.I.E.","H.E.R.B.I.E."
"1011391@aspc1602.onmicrosoft.com","Hairball","Hairball"
"1009333@aspc1602.onmicrosoft.com","Half-Life (Tony Masterson)","Half-Life (Tony Masterson)"
"1009334@aspc1602.onmicrosoft.com","Hammerhead","Hammerhead"
"1014995@aspc1602.onmicrosoft.com","Hammerhead (Ultimate)","Hammerhead (Ultimate)"
"1011490@aspc1602.onmicrosoft.com","Hank Pym","Hank Pym"
"1011091@aspc1602.onmicrosoft.com","Hannibal King","Hannibal King"
"1009348@aspc1602.onmicrosoft.com","Happy Hogan","Happy Hogan"
"1010821@aspc1602.onmicrosoft.com","Hardball","Hardball"
"1011185@aspc1602.onmicrosoft.com","Harley Davidson Cooper","Harley Davidson Cooper"
"1009336@aspc1602.onmicrosoft.com","Harpoon","Harpoon"
"1011069@aspc1602.onmicrosoft.com","Harrier","Harrier"
"1009339@aspc1602.onmicrosoft.com","Harry Heck","Harry Heck"
"1009486@aspc1602.onmicrosoft.com","Harry Osborn","Harry Osborn"
"1011218@aspc1602.onmicrosoft.com","Harry Osborn (Ultimate)","Harry Osborn (Ultimate)"
"1010816@aspc1602.onmicrosoft.com","Hate-Monger (Adolf Hitler)","Hate-Monger (Adolf Hitler)"
"1009337@aspc1602.onmicrosoft.com","Havok","Havok"
"1009338@aspc1602.onmicrosoft.com","Hawkeye","Hawkeye"
"1010808@aspc1602.onmicrosoft.com","Hawkeye (Kate Bishop)","Hawkeye (Kate Bishop)"
"1017311@aspc1602.onmicrosoft.com","Hawkeye (Marvel Heroes)","Hawkeye (Marvel Heroes)"
"1011131@aspc1602.onmicrosoft.com","Hawkeye (Ultimate)","Hawkeye (Ultimate)"
"1017108@aspc1602.onmicrosoft.com","Hawkeye/Clint Barton (MAA)","Hawkeye/Clint Barton (MAA)"
"1011046@aspc1602.onmicrosoft.com","Hedge Knight","Hedge Knight"
"1017474@aspc1602.onmicrosoft.com","Deadpool (X-Men: Battle of the Atom)","Deadpool (X-Men: Battle of the Atom)"
"1009269@aspc1602.onmicrosoft.com","Death","Death"
"1009270@aspc1602.onmicrosoft.com","Deathbird","Deathbird"
"1011037@aspc1602.onmicrosoft.com","Deathcry","Deathcry"
"1010890@aspc1602.onmicrosoft.com","Deathlok","Deathlok"
"1014997@aspc1602.onmicrosoft.com","Deathstrike (Ultimate)","Deathstrike (Ultimate)"
"1009713@aspc1602.onmicrosoft.com","Debra Whitman","Debra Whitman"
"1010717@aspc1602.onmicrosoft.com","Debrii","Debrii"
"1011188@aspc1602.onmicrosoft.com","Deena Pilgrim","Deena Pilgrim"
"1011023@aspc1602.onmicrosoft.com","Defenders","Defenders"
"1011071@aspc1602.onmicrosoft.com","Demogoblin","Demogoblin"
"1009271@aspc1602.onmicrosoft.com","Destiny","Destiny"
"1009272@aspc1602.onmicrosoft.com","Detective Soap","Detective Soap"
"1011107@aspc1602.onmicrosoft.com","Deviants","Deviants"
"1017583@aspc1602.onmicrosoft.com","Devil Dinosaur (Devil Dinosaur)","Devil Dinosaur (Devil Dinosaur)"
"1017102@aspc1602.onmicrosoft.com","Devil Dinosaur (HAS)","Devil Dinosaur (HAS)"
"1011142@aspc1602.onmicrosoft.com","Devos","Devos"
"1011260@aspc1602.onmicrosoft.com","Dexter Bennett","Dexter Bennett"
"1009273@aspc1602.onmicrosoft.com","Diablo","Diablo"
"1009274@aspc1602.onmicrosoft.com","Diamondback (Rachel Leighton)","Diamondback (Rachel Leighton)"
"1011040@aspc1602.onmicrosoft.com","Dinah Soar","Dinah Soar"
"1010997@aspc1602.onmicrosoft.com","Dirk Anger","Dirk Anger"
"1009275@aspc1602.onmicrosoft.com","Doc Samson","Doc Samson"
"1009281@aspc1602.onmicrosoft.com","Doctor Doom","Doctor Doom"
"1011103@aspc1602.onmicrosoft.com","Doctor Doom (Ultimate)","Doctor Doom (Ultimate)"
"1011206@aspc1602.onmicrosoft.com","Doctor Faustus","Doctor Faustus"
"1009276@aspc1602.onmicrosoft.com","Doctor Octopus","Doctor Octopus"
"1010921@aspc1602.onmicrosoft.com","Doctor Octopus (Ultimate)","Doctor Octopus (Ultimate)"
"1010689@aspc1602.onmicrosoft.com","Doctor Spectrum","Doctor Spectrum"
"1009282@aspc1602.onmicrosoft.com","Doctor Strange","Doctor Strange"
"1011358@aspc1602.onmicrosoft.com","Doctor Strange (Ultimate)","Doctor Strange (Ultimate)"
"1011235@aspc1602.onmicrosoft.com","Dog Brother #1","Dog Brother #1"
"1009277@aspc1602.onmicrosoft.com","Domino","Domino"
"1010330@aspc1602.onmicrosoft.com","Donald Blake","Donald Blake"
"1009278@aspc1602.onmicrosoft.com","Doomsday Man","Doomsday Man"
"1009279@aspc1602.onmicrosoft.com","Doop","Doop"
"1010879@aspc1602.onmicrosoft.com","Doorman","Doorman"
"1011195@aspc1602.onmicrosoft.com","Dorian Gray","Dorian Gray"
"1009280@aspc1602.onmicrosoft.com","Dormammu","Dormammu"
"1014992@aspc1602.onmicrosoft.com","Dormammu (Ultimate)","Dormammu (Ultimate)"
"1017300@aspc1602.onmicrosoft.com","Dr. Strange (Marvel: Avengers Alliance)","Dr. Strange (Marvel: Avengers Alliance)"
"1010677@aspc1602.onmicrosoft.com","Dracula","Dracula"
"1011247@aspc1602.onmicrosoft.com","Dragon Lord","Dragon Lord"
"1009283@aspc1602.onmicrosoft.com","Dragon Man","Dragon Man"
"1010735@aspc1602.onmicrosoft.com","Drax","Drax"
"1010368@aspc1602.onmicrosoft.com","Dreadnoughts","Dreadnoughts"
"1015007@aspc1602.onmicrosoft.com","Dreaming Celestial","Dreaming Celestial"
"1011322@aspc1602.onmicrosoft.com","Druig","Druig"
"1009284@aspc1602.onmicrosoft.com","Dum Dum Dugan","Dum Dum Dugan"
"1009285@aspc1602.onmicrosoft.com","Dust","Dust"
"1009286@aspc1602.onmicrosoft.com","Earthquake","Earthquake"
"1010785@aspc1602.onmicrosoft.com","Echo","Echo"
"1010787@aspc1602.onmicrosoft.com","Eddie Brock","Eddie Brock"
"1009396@aspc1602.onmicrosoft.com","Eddie Lau","Eddie Lau"
"1010999@aspc1602.onmicrosoft.com","Edward "Ted" Forrester","Edward "Ted" Forrester"
"1011072@aspc1602.onmicrosoft.com","Edwin Jarvis","Edwin Jarvis"
"1011060@aspc1602.onmicrosoft.com","Ego","Ego"
"1009287@aspc1602.onmicrosoft.com","Electro","Electro"
"1010922@aspc1602.onmicrosoft.com","Electro (Ultimate)","Electro (Ultimate)"
"1009288@aspc1602.onmicrosoft.com","Elektra","Elektra"
"1010923@aspc1602.onmicrosoft.com","Elektra (Ultimate)","Elektra (Ultimate)"
"1010355@aspc1602.onmicrosoft.com","Elements of Doom","Elements of Doom"
"1009290@aspc1602.onmicrosoft.com","Elite","Elite"
"1011082@aspc1602.onmicrosoft.com","Elixir","Elixir"
"1011122@aspc1602.onmicrosoft.com","Elloe Kaifi","Elloe Kaifi"
"1010701@aspc1602.onmicrosoft.com","Elsa Bloodstone","Elsa Bloodstone"
"1009310@aspc1602.onmicrosoft.com","Emma Frost","Emma Frost"
"1009291@aspc1602.onmicrosoft.com","Empath","Empath"
"1009292@aspc1602.onmicrosoft.com","Emplate","Emplate"
"1010671@aspc1602.onmicrosoft.com","Enchantress (Amora)","Enchantress (Amora)"
"1011432@aspc1602.onmicrosoft.com","Enchantress (Sylvie Lushton)","Enchantress (Sylvie Lushton)"
"1011313@aspc1602.onmicrosoft.com","Ender Wiggin","Ender Wiggin"
"1010445@aspc1602.onmicrosoft.com","Energizer","Energizer"
"1011065@aspc1602.onmicrosoft.com","Epoch","Epoch"
"1009293@aspc1602.onmicrosoft.com","Erik the Red","Erik the Red"
"1010807@aspc1602.onmicrosoft.com","Eternals","Eternals"
"1011061@aspc1602.onmicrosoft.com","Eternity","Eternity"
"1010771@aspc1602.onmicrosoft.com","Excalibur","Excalibur"
"1009294@aspc1602.onmicrosoft.com","Exiles","Exiles"
"1009295@aspc1602.onmicrosoft.com","Exodus","Exodus"
"1009296@aspc1602.onmicrosoft.com","Expediter","Expediter"
"1011199@aspc1602.onmicrosoft.com","Ezekiel","Ezekiel"
"1011317@aspc1602.onmicrosoft.com","Ezekiel Stane","Ezekiel Stane"
"1009248@aspc1602.onmicrosoft.com","Fabian Cortez","Fabian Cortez"
"1009297@aspc1602.onmicrosoft.com","Falcon","Falcon"
"1017110@aspc1602.onmicrosoft.com","Falcon/Sam Wilson (MAA)","Falcon/Sam Wilson (MAA)"
"1011143@aspc1602.onmicrosoft.com","Fallen One","Fallen One"
"1009298@aspc1602.onmicrosoft.com","Famine","Famine"
"1009299@aspc1602.onmicrosoft.com","Fantastic Four","Fantastic Four"
"1011013@aspc1602.onmicrosoft.com","Fantastic Four (Ultimate)","Fantastic Four (Ultimate)"
"1011111@aspc1602.onmicrosoft.com","Fantastick Four","Fantastick Four"
"1009301@aspc1602.onmicrosoft.com","Fantomex","Fantomex"
"1011233@aspc1602.onmicrosoft.com","Fat Cobra","Fat Cobra"
"1009335@aspc1602.onmicrosoft.com","Felicia Hardy","Felicia Hardy"
"1009302@aspc1602.onmicrosoft.com","Fenris","Fenris"
"1011213@aspc1602.onmicrosoft.com","Feral","Feral"
"1009303@aspc1602.onmicrosoft.com","Fin Fang Foom","Fin Fang Foom"
"1010868@aspc1602.onmicrosoft.com","Firebird","Firebird"
"1009304@aspc1602.onmicrosoft.com","Firebrand","Firebrand"
"1014987@aspc1602.onmicrosoft.com","Firedrake","Firedrake"
"1009574@aspc1602.onmicrosoft.com","Shadowcat","Shadowcat"
"1010975@aspc1602.onmicrosoft.com","Shadowcat (Age of Apocalypse)","Shadowcat (Age of Apocalypse)"
"1010974@aspc1602.onmicrosoft.com","Shadowcat (Ultimate)","Shadowcat (Ultimate)"
"1011406@aspc1602.onmicrosoft.com","Shadu the Shady","Shadu the Shady"
"1009575@aspc1602.onmicrosoft.com","Shalla-bal","Shalla-bal"
"1009576@aspc1602.onmicrosoft.com","Shaman","Shaman"
"1014979@aspc1602.onmicrosoft.com","Shane Yamada-Jones","Shane Yamada-Jones"
"1009577@aspc1602.onmicrosoft.com","Shang-Chi","Shang-Chi"
"1015001@aspc1602.onmicrosoft.com","Shang-Chi (Ultimate)","Shang-Chi (Ultimate)"
"1009578@aspc1602.onmicrosoft.com","Shanna the She-Devil","Shanna the She-Devil"
"1010712@aspc1602.onmicrosoft.com","Shape","Shape"
"1009579@aspc1602.onmicrosoft.com","Shard","Shard"
"1009228@aspc1602.onmicrosoft.com","Sharon Carter","Sharon Carter"
"1010895@aspc1602.onmicrosoft.com","Sharon Ventura","Sharon Ventura"
"1009580@aspc1602.onmicrosoft.com","Shatterstar","Shatterstar"
"1017111@aspc1602.onmicrosoft.com","She-Hulk (HAS)","She-Hulk (HAS)"
"1009583@aspc1602.onmicrosoft.com","She-Hulk (Jennifer Walters)","She-Hulk (Jennifer Walters)"
"1011392@aspc1602.onmicrosoft.com","She-Hulk (Lyra)","She-Hulk (Lyra)"
"1017331@aspc1602.onmicrosoft.com","She-Hulk (Marvel War of Heroes)","She-Hulk (Marvel War of Heroes)"
"1011393@aspc1602.onmicrosoft.com","She-Hulk (Ultimate)","She-Hulk (Ultimate)"
"1015035@aspc1602.onmicrosoft.com","Shen","Shen"
"1011168@aspc1602.onmicrosoft.com","Sheva Callister","Sheva Callister"
"1011093@aspc1602.onmicrosoft.com","Shi'Ar","Shi'Ar"
"1011381@aspc1602.onmicrosoft.com","Shinko Yamashiro","Shinko Yamashiro"
"1009582@aspc1602.onmicrosoft.com","Shinobi Shaw","Shinobi Shaw"
"1009584@aspc1602.onmicrosoft.com","Shiva","Shiva"
"1011394@aspc1602.onmicrosoft.com","Shiver Man","Shiver Man"
"1009585@aspc1602.onmicrosoft.com","Shocker (Herman Schultz)","Shocker (Herman Schultz)"
"1010858@aspc1602.onmicrosoft.com","Shockwave","Shockwave"
"1010824@aspc1602.onmicrosoft.com","Shooting Star","Shooting Star"
"1009586@aspc1602.onmicrosoft.com","Shotgun","Shotgun"
"1009587@aspc1602.onmicrosoft.com","Shriek","Shriek"
"1009588@aspc1602.onmicrosoft.com","Sif","Sif"
"1010848@aspc1602.onmicrosoft.com","Silhouette","Silhouette"
"1010856@aspc1602.onmicrosoft.com","Silk Fever","Silk Fever"
"1010339@aspc1602.onmicrosoft.com","Silver Centurion","Silver Centurion"
"1009589@aspc1602.onmicrosoft.com","Silver Fox","Silver Fox"
"1009590@aspc1602.onmicrosoft.com","Silver Sable","Silver Sable"
"1009591@aspc1602.onmicrosoft.com","Silver Samurai","Silver Samurai"
"1010976@aspc1602.onmicrosoft.com","Silver Samurai (Age of Apocalypse)","Silver Samurai (Age of Apocalypse)"
"1009592@aspc1602.onmicrosoft.com","Silver Surfer","Silver Surfer"
"1010864@aspc1602.onmicrosoft.com","Silverclaw","Silverclaw"
"1009594@aspc1602.onmicrosoft.com","Silvermane","Silvermane"
"1010898@aspc1602.onmicrosoft.com","Sin","Sin"
"1011265@aspc1602.onmicrosoft.com","Sinister Six","Sinister Six"
"1014975@aspc1602.onmicrosoft.com","Sir Ram","Sir Ram"
"1010834@aspc1602.onmicrosoft.com","Siren (Earth-93060)","Siren (Earth-93060)"
"1010745@aspc1602.onmicrosoft.com","Sister Grimm","Sister Grimm"
"1011223@aspc1602.onmicrosoft.com","Skaar","Skaar"
"1017101@aspc1602.onmicrosoft.com","Skaar (HAS)","Skaar (HAS)"
"1009598@aspc1602.onmicrosoft.com","Skin","Skin"
"1011157@aspc1602.onmicrosoft.com","Skreet","Skreet"
"1009599@aspc1602.onmicrosoft.com","Skrulls","Skrulls"
"1015002@aspc1602.onmicrosoft.com","Skrulls (Ultimate)","Skrulls (Ultimate)"
"1009600@aspc1602.onmicrosoft.com","Skullbuster (Cylla Markham)","Skullbuster (Cylla Markham)"
"1011057@aspc1602.onmicrosoft.com","Slapstick","Slapstick"
"1011070@aspc1602.onmicrosoft.com","Slayback","Slayback"
"1009601@aspc1602.onmicrosoft.com","Sleeper","Sleeper"
"1010761@aspc1602.onmicrosoft.com","Sleepwalker","Sleepwalker"
"1009602@aspc1602.onmicrosoft.com","Slipstream","Slipstream"
"1010874@aspc1602.onmicrosoft.com","Slyde","Slyde"
"1009603@aspc1602.onmicrosoft.com","Smasher (Vril Rokk)","Smasher (Vril Rokk)"
"1010845@aspc1602.onmicrosoft.com","Smiling Tiger","Smiling Tiger"
"1009606@aspc1602.onmicrosoft.com","Snowbird","Snowbird"
"1010855@aspc1602.onmicrosoft.com","Solo (James Bourne)","Solo (James Bourne)"
"1010693@aspc1602.onmicrosoft.com","Songbird","Songbird"
"1011373@aspc1602.onmicrosoft.com","Sons of the Tiger","Sons of the Tiger"
"1009607@aspc1602.onmicrosoft.com","Spacker Dave","Spacker Dave"
"1010705@aspc1602.onmicrosoft.com","Spectrum","Spectrum"
"1010833@aspc1602.onmicrosoft.com","Speed","Speed"
"1011032@aspc1602.onmicrosoft.com","Speed Demon","Speed Demon"
"1010694@aspc1602.onmicrosoft.com","Speedball (Robert Baldwin)","Speedball (Robert Baldwin)"
"1009605@aspc1602.onmicrosoft.com","Spencer Smythe","Spencer Smythe"
"1011366@aspc1602.onmicrosoft.com","Sphinx (Anath-Na Mut)","Sphinx (Anath-Na Mut)"
"1010727@aspc1602.onmicrosoft.com","Spider-dok","Spider-dok"
"1009157@aspc1602.onmicrosoft.com","Spider-Girl (Anya Corazon)","Spider-Girl (Anya Corazon)"
"1009609@aspc1602.onmicrosoft.com","Spider-Girl (May Parker)","Spider-Girl (May Parker)"
"1011347@aspc1602.onmicrosoft.com","Spider-Ham (Larval Earth)","Spider-Ham (Larval Earth)"
"1009610@aspc1602.onmicrosoft.com","Spider-Man","Spider-Man"
"1011054@aspc1602.onmicrosoft.com","Spider-Man (1602)","Spider-Man (1602)"
"1014873@aspc1602.onmicrosoft.com","Spider-Man (2099)","Spider-Man (2099)"
"1016452@aspc1602.onmicrosoft.com","Spider-Man (Ai Apaec)","Spider-Man (Ai Apaec)"
"1014858@aspc1602.onmicrosoft.com","Spider-Man (Ben Reilly)","Spider-Man (Ben Reilly)"
"1012200@aspc1602.onmicrosoft.com","Spider-Man (House of M)","Spider-Man (House of M)"
"1017332@aspc1602.onmicrosoft.com","Spider-Man (LEGO Marvel Super Heroes)","Spider-Man (LEGO Marvel Super Heroes)"
"1011114@aspc1602.onmicrosoft.com","Spider-Man (Marvel Zombies)","Spider-Man (Marvel Zombies)"
"1017305@aspc1602.onmicrosoft.com","Spider-Man (Marvel: Avengers Alliance)","Spider-Man (Marvel: Avengers Alliance)"
"1016181@aspc1602.onmicrosoft.com","Spider-Man (Miles Morales)","Spider-Man (Miles Morales)"
"1012295@aspc1602.onmicrosoft.com","Spider-Man (Noir)","Spider-Man (Noir)"
"1011377@aspc1602.onmicrosoft.com","Spider-Man (Takuya Yamashiro)","Spider-Man (Takuya Yamashiro)"
"1011010@aspc1602.onmicrosoft.com","Spider-Man (Ultimate)","Spider-Man (Ultimate)"
"1010795@aspc1602.onmicrosoft.com","Spider-Woman (Charlotte Witter)","Spider-Woman (Charlotte Witter)"
"1009608@aspc1602.onmicrosoft.com","Spider-Woman (Jessica Drew)","Spider-Woman (Jessica Drew)"
"1010794@aspc1602.onmicrosoft.com","Spider-Woman (Mattie Franklin)","Spider-Woman (Mattie Franklin)"
"1009614@aspc1602.onmicrosoft.com","Spiral (Rita Wayword)","Spiral (Rita Wayword)"
"1011158@aspc1602.onmicrosoft.com","Spirit","Spirit"
"1010899@aspc1602.onmicrosoft.com","Spitfire","Spitfire"
"1009616@aspc1602.onmicrosoft.com","Spot","Spot"
"1011180@aspc1602.onmicrosoft.com","Sprite","Sprite"
"1009617@aspc1602.onmicrosoft.com","Spyke","Spyke"
"1010351@aspc1602.onmicrosoft.com","Hellcat (Patsy Walker)","Hellcat (Patsy Walker)"
"1009340@aspc1602.onmicrosoft.com","Hellfire Club","Hellfire Club"
"1014996@aspc1602.onmicrosoft.com","Hellfire Club (Ultimate)","Hellfire Club (Ultimate)"
"1010678@aspc1602.onmicrosoft.com","Hellion","Hellion"
"1011044@aspc1602.onmicrosoft.com","Hellions (Squad)","Hellions (Squad)"
"1009341@aspc1602.onmicrosoft.com","Hemingway","Hemingway"
"1011371@aspc1602.onmicrosoft.com","Henry Peter Gyrich","Henry Peter Gyrich"
"1009342@aspc1602.onmicrosoft.com","Hepzibah","Hepzibah"
"1009343@aspc1602.onmicrosoft.com","Hercules","Hercules"
"1010759@aspc1602.onmicrosoft.com","Heroes For Hire","Heroes For Hire"
"1011274@aspc1602.onmicrosoft.com","Hex","Hex"
"1011300@aspc1602.onmicrosoft.com","High Evolutionary","High Evolutionary"
"1010839@aspc1602.onmicrosoft.com","Hindsight Lad","Hindsight Lad"
"1010703@aspc1602.onmicrosoft.com","Hiroim","Hiroim"
"1009345@aspc1602.onmicrosoft.com","Hitman","Hitman"
"1011383@aspc1602.onmicrosoft.com","Hitomi Sakuma","Hitomi Sakuma"
"1010930@aspc1602.onmicrosoft.com","Hobgoblin (Jason Macendale)","Hobgoblin (Jason Macendale)"
"1010931@aspc1602.onmicrosoft.com","Hobgoblin (Robin Borne)","Hobgoblin (Robin Borne)"
"1009347@aspc1602.onmicrosoft.com","Hobgoblin (Roderick Kingsley)","Hobgoblin (Roderick Kingsley)"
"1009349@aspc1602.onmicrosoft.com","Holocaust (Age of Apocalypse)","Holocaust (Age of Apocalypse)"
"1009350@aspc1602.onmicrosoft.com","Holy","Holy"
"1011428@aspc1602.onmicrosoft.com","Hope Summers","Hope Summers"
"1009557@aspc1602.onmicrosoft.com","Howard Saint","Howard Saint"
"1010373@aspc1602.onmicrosoft.com","Howard The Duck","Howard The Duck"
"1009351@aspc1602.onmicrosoft.com","Hulk","Hulk"
"1017098@aspc1602.onmicrosoft.com","Hulk (HAS)","Hulk (HAS)"
"1017333@aspc1602.onmicrosoft.com","Hulk (LEGO Marvel Super Heroes)","Hulk (LEGO Marvel Super Heroes)"
"1011118@aspc1602.onmicrosoft.com","Hulk (Marvel Zombies)","Hulk (Marvel Zombies)"
"1017303@aspc1602.onmicrosoft.com","Hulk (Marvel: Avengers Alliance)","Hulk (Marvel: Avengers Alliance)"
"1011005@aspc1602.onmicrosoft.com","Hulk (Ultimate)","Hulk (Ultimate)"
"1010721@aspc1602.onmicrosoft.com","Hulk-dok","Hulk-dok"
"1017107@aspc1602.onmicrosoft.com","Hulk/Bruce Banner (MAA)","Hulk/Bruce Banner (MAA)"
"1009355@aspc1602.onmicrosoft.com","Hulkling","Hulkling"
"1010343@aspc1602.onmicrosoft.com","Human Cannonball","Human Cannonball"
"1011415@aspc1602.onmicrosoft.com","Human Fly (Richard Deacon)","Human Fly (Richard Deacon)"
"1010722@aspc1602.onmicrosoft.com","Human Robot","Human Robot"
"1009356@aspc1602.onmicrosoft.com","Human Torch","Human Torch"
"1010932@aspc1602.onmicrosoft.com","Human Torch (Jim Hammond)","Human Torch (Jim Hammond)"
"1011102@aspc1602.onmicrosoft.com","Human Torch (Ultimate)","Human Torch (Ultimate)"
"1010675@aspc1602.onmicrosoft.com","Humbug","Humbug"
"1009357@aspc1602.onmicrosoft.com","Husk","Husk"
"1009358@aspc1602.onmicrosoft.com","Hussar","Hussar"
"1009359@aspc1602.onmicrosoft.com","Hydra","Hydra"
"1009360@aspc1602.onmicrosoft.com","Hydro-Man","Hydro-Man"
"1009361@aspc1602.onmicrosoft.com","Hyperion (Earth-712)","Hyperion (Earth-712)"
"1011246@aspc1602.onmicrosoft.com","Hypno-Hustler","Hypno-Hustler"
"1009362@aspc1602.onmicrosoft.com","Iceman","Iceman"
"1010933@aspc1602.onmicrosoft.com","Iceman (Ultimate)","Iceman (Ultimate)"
"1017475@aspc1602.onmicrosoft.com","Iceman (X-Men: Battle of the Atom)","Iceman (X-Men: Battle of the Atom)"
"1011077@aspc1602.onmicrosoft.com","Ikaris","Ikaris"
"1010758@aspc1602.onmicrosoft.com","Illuminati","Illuminati"
"1009529@aspc1602.onmicrosoft.com","Ilyana Rasputin","Ilyana Rasputin"
"1011273@aspc1602.onmicrosoft.com","Imp","Imp"
"1011089@aspc1602.onmicrosoft.com","Imperfects","Imperfects"
"1009363@aspc1602.onmicrosoft.com","Imperial Guard","Imperial Guard"
"1009364@aspc1602.onmicrosoft.com","Impossible Man","Impossible Man"
"1011063@aspc1602.onmicrosoft.com","In-Betweener","In-Betweener"
"1011064@aspc1602.onmicrosoft.com","Inertia","Inertia"
"1011146@aspc1602.onmicrosoft.com","Infant Terrible","Infant Terrible"
"1009365@aspc1602.onmicrosoft.com","Inhumans","Inhumans"
"1011293@aspc1602.onmicrosoft.com","Ink","Ink"
"1011024@aspc1602.onmicrosoft.com","Invaders","Invaders"
"1009366@aspc1602.onmicrosoft.com","Invisible Woman","Invisible Woman"
"1017301@aspc1602.onmicrosoft.com","Invisible Woman (Marvel: Avengers Alliance)","Invisible Woman (Marvel: Avengers Alliance)"
"1010934@aspc1602.onmicrosoft.com","Invisible Woman (Ultimate)","Invisible Woman (Ultimate)"
"1011379@aspc1602.onmicrosoft.com","Iron Cross Army","Iron Cross Army"
"1011318@aspc1602.onmicrosoft.com","Iron Fist (Bei Bang-Wen)","Iron Fist (Bei Bang-Wen)"
"1009367@aspc1602.onmicrosoft.com","Iron Fist (Danny Rand)","Iron Fist (Danny Rand)"
"1010888@aspc1602.onmicrosoft.com","Iron Fist (Orson Randall)","Iron Fist (Orson Randall)"
"1011413@aspc1602.onmicrosoft.com","Iron Fist (Quan Yaozu)","Iron Fist (Quan Yaozu)"
"1016839@aspc1602.onmicrosoft.com","Iron Fist (USM)","Iron Fist (USM)"
"1011412@aspc1602.onmicrosoft.com","Iron Fist (Wu Ao-Shi)","Iron Fist (Wu Ao-Shi)"
"1010704@aspc1602.onmicrosoft.com","Iron Lad","Iron Lad"
"1009368@aspc1602.onmicrosoft.com","Iron Man","Iron Man"
"1017320@aspc1602.onmicrosoft.com","Iron Man (Iron Man 3 - The Official Game)","Iron Man (Iron Man 3 - The Official Game)"
"1017294@aspc1602.onmicrosoft.com","Iron Man (LEGO Marvel Super Heroes)","Iron Man (LEGO Marvel Super Heroes)"
"1017310@aspc1602.onmicrosoft.com","Iron Man (Marvel Heroes)","Iron Man (Marvel Heroes)"
"1017326@aspc1602.onmicrosoft.com","Iron Man (Marvel War of Heroes)","Iron Man (Marvel War of Heroes)"
"1010935@aspc1602.onmicrosoft.com","Iron Man (Ultimate)","Iron Man (Ultimate)"
"1017104@aspc1602.onmicrosoft.com","Iron Man/Tony Stark (MAA)","Iron Man/Tony Stark (MAA)"
"1009371@aspc1602.onmicrosoft.com","Iron Monger","Iron Monger"
"1009487@aspc1602.onmicrosoft.com","Iron Patriot","Iron Patriot"
"1009538@aspc1602.onmicrosoft.com","Iron Patriot (James Rhodes)","Iron Patriot (James Rhodes)"
"1010844@aspc1602.onmicrosoft.com","Ironclad","Ironclad"
"1009372@aspc1602.onmicrosoft.com","J. Jonah Jameson","J. Jonah Jameson"
"1010736@aspc1602.onmicrosoft.com","Jack Flag","Jack Flag"
"1010786@aspc1602.onmicrosoft.com","Jack Murdock","Jack Murdock"
"1010766@aspc1602.onmicrosoft.com","Jack O' Lantern","Jack O' Lantern"
"1011251@aspc1602.onmicrosoft.com","Jack Power","Jack Power"
"1011288@aspc1602.onmicrosoft.com","Jackal","Jackal"
"1011259@aspc1602.onmicrosoft.com","Jackpot","Jackpot"
"1010775@aspc1602.onmicrosoft.com","James Buchanan Barnes","James Buchanan Barnes"
"1010777@aspc1602.onmicrosoft.com","James Howlett","James Howlett"
"1011343@aspc1602.onmicrosoft.com","Jamie Braddock","Jamie Braddock"
"1010329@aspc1602.onmicrosoft.com","Jane Foster","Jane Foster"
"1010878@aspc1602.onmicrosoft.com","Janus, the Nega-Man","Janus, the Nega-Man"
"1009597@aspc1602.onmicrosoft.com","Jasper Sitwell","Jasper Sitwell"
"1011344@aspc1602.onmicrosoft.com","Jazinda","Jazinda"
"1009327@aspc1602.onmicrosoft.com","Jean Grey","Jean Grey"
"1009496@aspc1602.onmicrosoft.com","Jean Grey","Jean Grey"
"1011181@aspc1602.onmicrosoft.com","Thena","Thena"
"1009662@aspc1602.onmicrosoft.com","Thing","Thing"
"1017313@aspc1602.onmicrosoft.com","Thing (Marvel Heroes)","Thing (Marvel Heroes)"
"1010983@aspc1602.onmicrosoft.com","Thing (Ultimate)","Thing (Ultimate)"
"1009664@aspc1602.onmicrosoft.com","Thor","Thor"
"1017576@aspc1602.onmicrosoft.com","Thor (Goddess of Thunder)","Thor (Goddess of Thunder)"
"1017106@aspc1602.onmicrosoft.com","Thor (MAA)","Thor (MAA)"
"1017315@aspc1602.onmicrosoft.com","Thor (Marvel Heroes)","Thor (Marvel Heroes)"
"1017328@aspc1602.onmicrosoft.com","Thor (Marvel War of Heroes)","Thor (Marvel War of Heroes)"
"1017302@aspc1602.onmicrosoft.com","Thor (Marvel: Avengers Alliance)","Thor (Marvel: Avengers Alliance)"
"1011025@aspc1602.onmicrosoft.com","Thor (Ultimate)","Thor (Ultimate)"
"1010820@aspc1602.onmicrosoft.com","Thor Girl","Thor Girl"
"1010885@aspc1602.onmicrosoft.com","Thunderball","Thunderball"
"1009666@aspc1602.onmicrosoft.com","Thunderbird (John Proudstar)","Thunderbird (John Proudstar)"
"1009667@aspc1602.onmicrosoft.com","Thunderbird (Neal Shaara)","Thunderbird (Neal Shaara)"
"1009668@aspc1602.onmicrosoft.com","Thunderbolt (Bill Carver)","Thunderbolt (Bill Carver)"
"1014812@aspc1602.onmicrosoft.com","Thunderbolt Ross","Thunderbolt Ross"
"1010360@aspc1602.onmicrosoft.com","Thunderbolts","Thunderbolts"
"1011304@aspc1602.onmicrosoft.com","Thundra","Thundra"
"1009669@aspc1602.onmicrosoft.com","Tiger Shark","Tiger Shark"
"1011237@aspc1602.onmicrosoft.com","Tiger's Beautiful Daughter","Tiger's Beautiful Daughter"
"1009670@aspc1602.onmicrosoft.com","Tigra (Greer Nelson)","Tigra (Greer Nelson)"
"1010857@aspc1602.onmicrosoft.com","Timeslip","Timeslip"
"1011345@aspc1602.onmicrosoft.com","Tinkerer","Tinkerer"
"1010669@aspc1602.onmicrosoft.com","Titania","Titania"
"1009672@aspc1602.onmicrosoft.com","Titanium Man (Topolov)","Titanium Man (Topolov)"
"1009673@aspc1602.onmicrosoft.com","Toad","Toad"
"1009674@aspc1602.onmicrosoft.com","Toad Men","Toad Men"
"1011166@aspc1602.onmicrosoft.com","Tomas","Tomas"
"1009675@aspc1602.onmicrosoft.com","Tombstone","Tombstone"
"1010328@aspc1602.onmicrosoft.com","Tomorrow Man","Tomorrow Man"
"1009624@aspc1602.onmicrosoft.com","Tony Stark","Tony Stark"
"1011309@aspc1602.onmicrosoft.com","Toro (Thomas Raymond)","Toro (Thomas Raymond)"
"1009676@aspc1602.onmicrosoft.com","Toxin","Toxin"
"1009692@aspc1602.onmicrosoft.com","Toxin (Eddie Brock)","Toxin (Eddie Brock)"
"1010822@aspc1602.onmicrosoft.com","Trauma","Trauma"
"1010825@aspc1602.onmicrosoft.com","Triathlon","Triathlon"
"1009671@aspc1602.onmicrosoft.com","Trish Tilby","Trish Tilby"
"1010335@aspc1602.onmicrosoft.com","Triton","Triton"
"1011352@aspc1602.onmicrosoft.com","True Believers","True Believers"
"1011047@aspc1602.onmicrosoft.com","Turbo","Turbo"
"1009678@aspc1602.onmicrosoft.com","Tusk","Tusk"
"1010852@aspc1602.onmicrosoft.com","Two-Gun Kid","Two-Gun Kid"
"1009679@aspc1602.onmicrosoft.com","Tyger Tiger","Tyger Tiger"
"1010369@aspc1602.onmicrosoft.com","Typhoid Mary","Typhoid Mary"
"1009680@aspc1602.onmicrosoft.com","Tyrannus","Tyrannus"
"1011315@aspc1602.onmicrosoft.com","U-Foes","U-Foes"
"1009681@aspc1602.onmicrosoft.com","U-Go Girl","U-Go Girl"
"1009682@aspc1602.onmicrosoft.com","U.S. Agent","U.S. Agent"
"1009683@aspc1602.onmicrosoft.com","Uatu The Watcher","Uatu The Watcher"
"1010358@aspc1602.onmicrosoft.com","Ulik","Ulik"
"1016825@aspc1602.onmicrosoft.com","Ultimate Spider-Man (USM)","Ultimate Spider-Man (USM)"
"1010803@aspc1602.onmicrosoft.com","Ultimates","Ultimates"
"1009684@aspc1602.onmicrosoft.com","Ultimatum","Ultimatum"
"1011311@aspc1602.onmicrosoft.com","Ultimo","Ultimo"
"1011125@aspc1602.onmicrosoft.com","Ultra-Adaptoid","Ultra-Adaptoid"
"1010847@aspc1602.onmicrosoft.com","Ultragirl (Earth-93060)","Ultragirl (Earth-93060)"
"1009685@aspc1602.onmicrosoft.com","Ultron","Ultron"
"1009686@aspc1602.onmicrosoft.com","Umar","Umar"
"1010862@aspc1602.onmicrosoft.com","Unicorn","Unicorn"
"1010985@aspc1602.onmicrosoft.com","Union Jack (Brian Falsworth)","Union Jack (Brian Falsworth)"
"1010696@aspc1602.onmicrosoft.com","Union Jack (Joseph Chapman)","Union Jack (Joseph Chapman)"
"1010984@aspc1602.onmicrosoft.com","Union Jack (Montgomery Falsworth)","Union Jack (Montgomery Falsworth)"
"1009687@aspc1602.onmicrosoft.com","Unus","Unus"
"1010987@aspc1602.onmicrosoft.com","Unus (Age of Apocalypse)","Unus (Age of Apocalypse)"
"1010988@aspc1602.onmicrosoft.com","Unus (House of M)","Unus (House of M)"
"1010986@aspc1602.onmicrosoft.com","Unus (Ultimate)","Unus (Ultimate)"
"1009525@aspc1602.onmicrosoft.com","Valeria Richards","Valeria Richards"
"1010350@aspc1602.onmicrosoft.com","Valkyrie (Samantha Parrington)","Valkyrie (Samantha Parrington)"
"1011239@aspc1602.onmicrosoft.com","Valkyrie (Ultimate)","Valkyrie (Ultimate)"
"1011182@aspc1602.onmicrosoft.com","Vampiro","Vampiro"
"1011342@aspc1602.onmicrosoft.com","Vance Astro","Vance Astro"
"1010989@aspc1602.onmicrosoft.com","Vanisher (Age of Apocalypse)","Vanisher (Age of Apocalypse)"
"1011365@aspc1602.onmicrosoft.com","Vanisher (Telford Porter)","Vanisher (Telford Porter)"
"1009689@aspc1602.onmicrosoft.com","Vanisher (Ultimate)","Vanisher (Ultimate)"
"1011316@aspc1602.onmicrosoft.com","Vapor","Vapor"
"1009690@aspc1602.onmicrosoft.com","Vargas","Vargas"
"1010872@aspc1602.onmicrosoft.com","Vector","Vector"
"1011231@aspc1602.onmicrosoft.com","Veda","Veda"
"1009691@aspc1602.onmicrosoft.com","Vengeance (Michael Badilino)","Vengeance (Michael Badilino)"
"1009663@aspc1602.onmicrosoft.com","Venom (Flash Thompson)","Venom (Flash Thompson)"
"1010788@aspc1602.onmicrosoft.com","Venom (Mac Gargan)","Venom (Mac Gargan)"
"1011128@aspc1602.onmicrosoft.com","Venom (Ultimate)","Venom (Ultimate)"
"1011106@aspc1602.onmicrosoft.com","Venus (Siren)","Venus (Siren)"
"1009693@aspc1602.onmicrosoft.com","Venus Dee Milo","Venus Dee Milo"
"1010353@aspc1602.onmicrosoft.com","Vermin (Edward Whelan)","Vermin (Edward Whelan)"
"1009694@aspc1602.onmicrosoft.com","Vertigo (Savage Land Mutate)","Vertigo (Savage Land Mutate)"
"1011066@aspc1602.onmicrosoft.com","Victor Mancha","Victor Mancha"
"1010324@aspc1602.onmicrosoft.com","Victor Von Doom","Victor Von Doom"
"1011261@aspc1602.onmicrosoft.com","Vin Gonzales","Vin Gonzales"
"1009695@aspc1602.onmicrosoft.com","Vindicator","Vindicator"
"1010666@aspc1602.onmicrosoft.com","Violations","Violations"
"1009696@aspc1602.onmicrosoft.com","Viper","Viper"
"1010697@aspc1602.onmicrosoft.com","Virginia Dare","Virginia Dare"
"1009697@aspc1602.onmicrosoft.com","Vision","Vision"
"1009698@aspc1602.onmicrosoft.com","Vivisector","Vivisector"
"1011011@aspc1602.onmicrosoft.com","Vulcan (Gabriel Summers)","Vulcan (Gabriel Summers)"
"1009699@aspc1602.onmicrosoft.com","Vulture (Adrian Toomes)","Vulture (Adrian Toomes)"
"1010990@aspc1602.onmicrosoft.com","Vulture (Blackie Drago)","Vulture (Blackie Drago)"
"1010849@aspc1602.onmicrosoft.com","Wallflower","Wallflower"
"1009526@aspc1602.onmicrosoft.com","Radioactive Man","Radioactive Man"
"1011280@aspc1602.onmicrosoft.com","Rafael Vega","Rafael Vega"
"1010817@aspc1602.onmicrosoft.com","Rage","Rage"
"1009527@aspc1602.onmicrosoft.com","Raider","Raider"
"1009528@aspc1602.onmicrosoft.com","Randall","Randall"
"1011326@aspc1602.onmicrosoft.com","Randall Flagg","Randall Flagg"
"1010767@aspc1602.onmicrosoft.com","Random","Random"
"1010838@aspc1602.onmicrosoft.com","Rattler","Rattler"
"1011154@aspc1602.onmicrosoft.com","Ravenous","Ravenous"
"1010892@aspc1602.onmicrosoft.com","Rawhide Kid","Rawhide Kid"
"1009531@aspc1602.onmicrosoft.com","Raza","Raza"
"1009532@aspc1602.onmicrosoft.com","Reaper","Reaper"
"1009533@aspc1602.onmicrosoft.com","Reavers","Reavers"
"1015000@aspc1602.onmicrosoft.com","Reavers (Ultimate)","Reavers (Ultimate)"
"1011249@aspc1602.onmicrosoft.com","Red 9","Red 9"
"1009534@aspc1602.onmicrosoft.com","Red Ghost","Red Ghost"
"1011238@aspc1602.onmicrosoft.com","Red Ghost (Ultimate)","Red Ghost (Ultimate)"
"1011360@aspc1602.onmicrosoft.com","Red Hulk","Red Hulk"
"1017099@aspc1602.onmicrosoft.com","Red Hulk (HAS)","Red Hulk (HAS)"
"1011436@aspc1602.onmicrosoft.com","Red She-Hulk","Red She-Hulk"
"1011155@aspc1602.onmicrosoft.com","Red Shift","Red Shift"
"1009535@aspc1602.onmicrosoft.com","Red Skull","Red Skull"
"1010965@aspc1602.onmicrosoft.com","Red Skull (Albert Malik)","Red Skull (Albert Malik)"
"1010837@aspc1602.onmicrosoft.com","Red Wolf","Red Wolf"
"1011390@aspc1602.onmicrosoft.com","Redwing","Redwing"
"1011376@aspc1602.onmicrosoft.com","Reptil","Reptil"
"1011189@aspc1602.onmicrosoft.com","Retro Girl","Retro Girl"
"1011330@aspc1602.onmicrosoft.com","Revanche","Revanche"
"1009537@aspc1602.onmicrosoft.com","Rhino","Rhino"
"1009702@aspc1602.onmicrosoft.com","Rhodey","Rhodey"
"1011401@aspc1602.onmicrosoft.com","Richard Fisk","Richard Fisk"
"1009379@aspc1602.onmicrosoft.com","Rick Jones","Rick Jones"
"1015006@aspc1602.onmicrosoft.com","Rick Jones (Ultimate)","Rick Jones (Ultimate)"
"1011348@aspc1602.onmicrosoft.com","Ricochet","Ricochet"
"1009542@aspc1602.onmicrosoft.com","Rictor","Rictor"
"1009543@aspc1602.onmicrosoft.com","Riptide","Riptide"
"1009544@aspc1602.onmicrosoft.com","Risque","Risque"
"1009545@aspc1602.onmicrosoft.com","Robbie Robertson","Robbie Robertson"
"1010792@aspc1602.onmicrosoft.com","Robert Baldwin ","Robert Baldwin "
"1009235@aspc1602.onmicrosoft.com","Robin Chapel","Robin Chapel"
"1010744@aspc1602.onmicrosoft.com","Rocket Raccoon","Rocket Raccoon"
"1017314@aspc1602.onmicrosoft.com","Rocket Raccoon (Marvel Heroes)","Rocket Raccoon (Marvel Heroes)"
"1010769@aspc1602.onmicrosoft.com","Rocket Racer","Rocket Racer"
"1010692@aspc1602.onmicrosoft.com","Rockslide","Rockslide"
"1009546@aspc1602.onmicrosoft.com","Rogue","Rogue"
"1010967@aspc1602.onmicrosoft.com","Rogue (Age of Apocalypse)","Rogue (Age of Apocalypse)"
"1017319@aspc1602.onmicrosoft.com","Rogue (Deadpool)","Rogue (Deadpool)"
"1010966@aspc1602.onmicrosoft.com","Rogue (Ultimate)","Rogue (Ultimate)"
"1017478@aspc1602.onmicrosoft.com","Rogue (X-Men: Battle of the Atom)","Rogue (X-Men: Battle of the Atom)"
"1010781@aspc1602.onmicrosoft.com","Roland Deschain","Roland Deschain"
"1011398@aspc1602.onmicrosoft.com","Romulus","Romulus"
"1010344@aspc1602.onmicrosoft.com","Ronan","Ronan"
"1011117@aspc1602.onmicrosoft.com","Roughhouse","Roughhouse"
"1009549@aspc1602.onmicrosoft.com","Roulette","Roulette"
"1009595@aspc1602.onmicrosoft.com","Roxanne Simpson","Roxanne Simpson"
"1009311@aspc1602.onmicrosoft.com","Rumiko Fujikawa","Rumiko Fujikawa"
"1010747@aspc1602.onmicrosoft.com","Runaways","Runaways"
"1009551@aspc1602.onmicrosoft.com","Russian","Russian"
"1009552@aspc1602.onmicrosoft.com","S.H.I.E.L.D.","S.H.I.E.L.D."
"1009553@aspc1602.onmicrosoft.com","Sabra","Sabra"
"1009554@aspc1602.onmicrosoft.com","Sabretooth","Sabretooth"
"1010969@aspc1602.onmicrosoft.com","Sabretooth (Age of Apocalypse)","Sabretooth (Age of Apocalypse)"
"1010970@aspc1602.onmicrosoft.com","Sabretooth (House of M)","Sabretooth (House of M)"
"1010968@aspc1602.onmicrosoft.com","Sabretooth (Ultimate)","Sabretooth (Ultimate)"
"1009555@aspc1602.onmicrosoft.com","Sage","Sage"
"1011325@aspc1602.onmicrosoft.com","Salem's Seven (Ultimate)","Salem's Seven (Ultimate)"
"1011126@aspc1602.onmicrosoft.com","Sally Floyd","Sally Floyd"
"1011156@aspc1602.onmicrosoft.com","Salo","Salo"
"1009558@aspc1602.onmicrosoft.com","Sandman","Sandman"
"1010711@aspc1602.onmicrosoft.com","Santa Claus","Santa Claus"
"1009559@aspc1602.onmicrosoft.com","Saracen (Muzzafar Lambert)","Saracen (Muzzafar Lambert)"
"1009560@aspc1602.onmicrosoft.com","Sasquatch (Walter Langkowski)","Sasquatch (Walter Langkowski)"
"1011035@aspc1602.onmicrosoft.com","Satana","Satana"
"1009561@aspc1602.onmicrosoft.com","Sauron","Sauron"
"1011048@aspc1602.onmicrosoft.com","Scalphunter","Scalphunter"
"1010861@aspc1602.onmicrosoft.com","Scarecrow (Ebenezer Laughton)","Scarecrow (Ebenezer Laughton)"
"1011197@aspc1602.onmicrosoft.com","Scarlet Spider (Ben Reilly)","Scarlet Spider (Ben Reilly)"
"1011426@aspc1602.onmicrosoft.com","Scarlet Spider (Kaine)","Scarlet Spider (Kaine)"
"1009562@aspc1602.onmicrosoft.com","Scarlet Witch","Scarlet Witch"
"1010972@aspc1602.onmicrosoft.com","Scarlet Witch (Age of Apocalypse)","Scarlet Witch (Age of Apocalypse)"
"1017308@aspc1602.onmicrosoft.com","Scarlet Witch (Marvel Heroes)","Scarlet Witch (Marvel Heroes)"
"1010971@aspc1602.onmicrosoft.com","Scarlet Witch (Ultimate)","Scarlet Witch (Ultimate)"
"1010790@aspc1602.onmicrosoft.com","Scorpion (Carmilla Black)","Scorpion (Carmilla Black)"
"1011079@aspc1602.onmicrosoft.com","Scorpion (Ultimate)","Scorpion (Ultimate)"
"1009565@aspc1602.onmicrosoft.com","Scourge","Scourge"
"1011230@aspc1602.onmicrosoft.com","Scrambler","Scrambler"
"1009566@aspc1602.onmicrosoft.com","Scream (Donna Diego)","Scream (Donna Diego)"
"1011242@aspc1602.onmicrosoft.com","Screwball","Screwball"
"1009581@aspc1602.onmicrosoft.com","Sebastian Shaw","Sebastian Shaw"
"1011368@aspc1602.onmicrosoft.com","Secret Warriors","Secret Warriors"
"1009568@aspc1602.onmicrosoft.com","Selene","Selene"
"1009569@aspc1602.onmicrosoft.com","Senator Kelly","Senator Kelly"
"1009570@aspc1602.onmicrosoft.com","Sentinel","Sentinel"
"1011323@aspc1602.onmicrosoft.com","Sentinels","Sentinels"
"1009571@aspc1602.onmicrosoft.com","Sentry (Robert Reynolds)","Sentry (Robert Reynolds)"
"1011167@aspc1602.onmicrosoft.com","Ser Duncan","Ser Duncan"
"1009572@aspc1602.onmicrosoft.com","Serpent Society","Serpent Society"
"1010345@aspc1602.onmicrosoft.com","Sersi","Sersi"
"1009573@aspc1602.onmicrosoft.com","Shadow King","Shadow King"
"1010973@aspc1602.onmicrosoft.com","Shadow King (Age of Apocalypse)","Shadow King (Age of Apocalypse)"
